Mobile_Device,bootstrap_sample_mean
iPhone 17 Pro Max,93.4822
iPhone 17 Pro Max,94.3888
iPhone 17 Pro Max,95.3998
iPhone 17 Pro Max,95.8494
iPhone 17 Pro Max,93.8285
iPhone 17 Pro Max,94.0959
iPhone 17 Pro Max,93.837
iPhone 17 Pro Max,95.2536
iPhone 17 Pro Max,95.5754
iPhone 17 Pro Max,93.9385
iPhone 17 Pro Max,94.3847
iPhone 17 Pro Max,93.0365
iPhone 17 Pro Max,93.1624
iPhone 17 Pro Max,94.4822
iPhone 17 Pro Max,95.8134
iPhone 17 Pro Max,93.9765
iPhone 17 Pro Max,95.0021
iPhone 17 Pro Max,92.5182
iPhone 17 Pro Max,94.2365
iPhone 17 Pro Max,94.5641
iPhone 17 Pro Max,92.2051
iPhone 17 Pro Max,93.92
iPhone 17 Pro Max,94.2218
iPhone 17 Pro Max,94.1778
iPhone 17 Pro Max,94.9526
iPhone 17 Pro Max,93.5102
iPhone 17 Pro Max,92.9235
iPhone 17 Pro Max,93.709
iPhone 17 Pro Max,95.0979
iPhone 17 Pro Max,96.07
iPhone 17 Pro Max,94.0494
iPhone 17 Pro Max,93.3435
iPhone 17 Pro Max,94.3396
iPhone 17 Pro Max,94.819
iPhone 17 Pro Max,94.7795
iPhone 17 Pro Max,96.09
iPhone 17 Pro Max,95.3562
iPhone 17 Pro Max,96.3036
iPhone 17 Pro Max,95.06
iPhone 17 Pro Max,93.1932
iPhone 17 Pro Max,95.3396
iPhone 17 Pro Max,93.4859
iPhone 17 Pro Max,92.8414
iPhone 17 Pro Max,95.0525
iPhone 17 Pro Max,94.81
iPhone 17 Pro Max,95.9049
iPhone 17 Pro Max,92.6801
iPhone 17 Pro Max,93.8947
iPhone 17 Pro Max,95.5502
iPhone 17 Pro Max,94.42
iPhone 17 Pro Max,93.9247
iPhone 17 Pro Max,95.0227
iPhone 17 Pro Max,94.4464
iPhone 17 Pro Max,94.7925
iPhone 17 Pro Max,94.5122
iPhone 17 Pro Max,92.9617
iPhone 17 Pro Max,94.7242
iPhone 17 Pro Max,95.0772
iPhone 17 Pro Max,92.988
iPhone 17 Pro Max,94.9842
iPhone 17 Pro Max,94.3145
iPhone 17 Pro Max,93.8475
iPhone 17 Pro Max,94.4808
iPhone 17 Pro Max,94.139
iPhone 17 Pro Max,95.122
iPhone 17 Pro Max,96.1224
iPhone 17 Pro Max,94.3641
iPhone 17 Pro Max,93.9327
iPhone 17 Pro Max,94.3012
iPhone 17 Pro Max,94.0938
iPhone 17 Pro Max,94.6944
iPhone 17 Pro Max,93.4173
iPhone 17 Pro Max,94.9404
iPhone 17 Pro Max,95.2118
iPhone 17 Pro Max,95.0225
iPhone 17 Pro Max,93.4318
iPhone 17 Pro Max,92.4438
iPhone 17 Pro Max,92.7981
iPhone 17 Pro Max,94.5385
iPhone 17 Pro Max,94.1511
iPhone 17 Pro Max,94.6889
iPhone 17 Pro Max,96.1839
iPhone 17 Pro Max,96.1977
iPhone 17 Pro Max,94.5002
iPhone 17 Pro Max,95.2154
iPhone 17 Pro Max,93.9725
iPhone 17 Pro Max,94.7204
iPhone 17 Pro Max,94.6397
iPhone 17 Pro Max,93.3633
iPhone 17 Pro Max,94.5746
iPhone 17 Pro Max,93.7998
iPhone 17 Pro Max,95.5406
iPhone 17 Pro Max,93.5582
iPhone 17 Pro Max,93.7503
iPhone 17 Pro Max,92.647
iPhone 17 Pro Max,92.7366
iPhone 17 Pro Max,94.5809
iPhone 17 Pro Max,95.4451
iPhone 17 Pro Max,93.3051
iPhone 17 Pro Max,93.821
iPhone 17 Pro Max,93.8734
iPhone 17 Pro Max,94.9051
iPhone 17 Pro Max,94.0762
iPhone 17 Pro Max,92.4155
iPhone 17 Pro Max,92.702
iPhone 17 Pro Max,93.9293
iPhone 17 Pro Max,93.5069
iPhone 17 Pro Max,94.3832
iPhone 17 Pro Max,95.3724
iPhone 17 Pro Max,92.1023
iPhone 17 Pro Max,94.4607
iPhone 17 Pro Max,94.4929
iPhone 17 Pro Max,95.0827
iPhone 17 Pro Max,93.0114
iPhone 17 Pro Max,93.269
iPhone 17 Pro Max,95.5387
iPhone 17 Pro Max,94.0177
iPhone 17 Pro Max,94.7565
iPhone 17 Pro Max,94.757
iPhone 17 Pro Max,95.339
iPhone 17 Pro Max,92.827
iPhone 17 Pro Max,94.1579
iPhone 17 Pro Max,95.6032
iPhone 17 Pro Max,92.6338
iPhone 17 Pro Max,95.5793
iPhone 17 Pro Max,94.6057
iPhone 17 Pro Max,95.3661
iPhone 17 Pro Max,94.4586
iPhone 17 Pro Max,94.3993
iPhone 17 Pro Max,94.2859
iPhone 17 Pro Max,94.5387
iPhone 17 Pro Max,93.1791
iPhone 17 Pro Max,95.2302
iPhone 17 Pro Max,94.2083
iPhone 17 Pro Max,92.9624
iPhone 17 Pro Max,95.3349
iPhone 17 Pro Max,94.6633
iPhone 17 Pro Max,94.4552
iPhone 17 Pro Max,95.3539
iPhone 17 Pro Max,94.3513
iPhone 17 Pro Max,94.6509
iPhone 17 Pro Max,93.6729
iPhone 17 Pro Max,94.4821
iPhone 17 Pro Max,95.141
iPhone 17 Pro Max,93.1449
iPhone 17 Pro Max,95.8558
iPhone 17 Pro Max,95.1838
iPhone 17 Pro Max,91.489
iPhone 17 Pro Max,94.0341
iPhone 17 Pro Max,93.8356
iPhone 17 Pro Max,94.8661
iPhone 17 Pro Max,94.2885
iPhone 17 Pro Max,94.3587
iPhone 17 Pro Max,93.898
iPhone 17 Pro Max,95.8624
iPhone 17 Pro Max,94.2777
iPhone 17 Pro Max,95.2571
iPhone 17 Pro Max,95.7689
iPhone 17 Pro Max,96.3199
iPhone 17 Pro Max,95.6392
iPhone 17 Pro Max,93.1696
iPhone 17 Pro Max,95.316
iPhone 17 Pro Max,95.907
iPhone 17 Pro Max,94.9964
iPhone 17 Pro Max,93.1088
iPhone 17 Pro Max,95.4552
iPhone 17 Pro Max,95.1668
iPhone 17 Pro Max,94.8078
iPhone 17 Pro Max,93.8024
iPhone 17 Pro Max,94.9671
iPhone 17 Pro Max,94.8905
iPhone 17 Pro Max,95.5692
iPhone 17 Pro Max,94.7669
iPhone 17 Pro Max,92.7462
iPhone 17 Pro Max,95.5001
iPhone 17 Pro Max,95.3737
iPhone 17 Pro Max,95.2941
iPhone 17 Pro Max,93.5329
iPhone 17 Pro Max,94.3192
iPhone 17 Pro Max,95.0272
iPhone 17 Pro Max,94.3256
iPhone 17 Pro Max,94.0839
iPhone 17 Pro Max,94.2872
iPhone 17 Pro Max,94.7674
iPhone 17 Pro Max,93.8664
iPhone 17 Pro Max,93.9215
iPhone 17 Pro Max,94.8684
iPhone 17 Pro Max,93.6908
iPhone 17 Pro Max,91.9941
iPhone 17 Pro Max,93.3138
iPhone 17 Pro Max,95.6116
iPhone 17 Pro Max,93.1122
iPhone 17 Pro Max,94.6018
iPhone 17 Pro Max,93.8005
iPhone 17 Pro Max,95.2022
iPhone 17 Pro Max,94.356
iPhone 17 Pro Max,93.7852
iPhone 17 Pro Max,93.4162
iPhone 17 Pro Max,95.1725
iPhone 17 Pro Max,93.2518
iPhone 17 Pro Max,96.2086
iPhone 17 Pro Max,93.7454
iPhone 17 Pro Max,94.7251
iPhone 17 Pro Max,93.4997
iPhone 17 Pro Max,93.8153
iPhone 17 Pro Max,95.4353
iPhone 17 Pro Max,93.2064
iPhone 17 Pro Max,95.4275
iPhone 17 Pro Max,93.4874
iPhone 17 Pro Max,93.0672
iPhone 17 Pro Max,94.4319
iPhone 17 Pro Max,96.0996
iPhone 17 Pro Max,92.0576
iPhone 17 Pro Max,92.8663
iPhone 17 Pro Max,93.3522
iPhone 17 Pro Max,92.5976
iPhone 17 Pro Max,95.4048
iPhone 17 Pro Max,93.8989
iPhone 17 Pro Max,93.4142
iPhone 17 Pro Max,95.5004
iPhone 17 Pro Max,94.5118
iPhone 17 Pro Max,93.9072
iPhone 17 Pro Max,93.5461
iPhone 17 Pro Max,94.4986
iPhone 17 Pro Max,94.1696
iPhone 17 Pro Max,95.5344
iPhone 17 Pro Max,95.1698
iPhone 17 Pro Max,94.0184
iPhone 17 Pro Max,93.5808
iPhone 17 Pro Max,94.8635
iPhone 17 Pro Max,93.3366
iPhone 17 Pro Max,95.2357
iPhone 17 Pro Max,93.3069
iPhone 17 Pro Max,93.56
iPhone 17 Pro Max,94.1912
iPhone 17 Pro Max,94.8624
iPhone 17 Pro Max,95.259
iPhone 17 Pro Max,96.5945
iPhone 17 Pro Max,94.1526
iPhone 17 Pro Max,93.9218
iPhone 17 Pro Max,94.9213
iPhone 17 Pro Max,93.0078
iPhone 17 Pro Max,95.7565
iPhone 17 Pro Max,95.1959
iPhone 17 Pro Max,92.4028
iPhone 17 Pro Max,93.8102
iPhone 17 Pro Max,93.8367
iPhone 17 Pro Max,94.6113
iPhone 17 Pro Max,92.6166
iPhone 17 Pro Max,95.4816
iPhone 17 Pro Max,94.0347
iPhone 17 Pro Max,93.4092
iPhone 17 Pro Max,93.854
iPhone 17 Pro Max,92.923
iPhone 17 Pro Max,92.8613
iPhone 17 Pro Max,94.0308
iPhone 17 Pro Max,94.6674
iPhone 17 Pro Max,93.7743
iPhone 17 Pro Max,95.5659
iPhone 17 Pro Max,94.5329
iPhone 17 Pro Max,93.0793
iPhone 17 Pro Max,94.6329
iPhone 17 Pro Max,93.3806
iPhone 17 Pro Max,94.2852
iPhone 17 Pro Max,92.7529
iPhone 17 Pro Max,96.4108
iPhone 17 Pro Max,94.9827
iPhone 17 Pro Max,95.0361
iPhone 17 Pro Max,95.741
iPhone 17 Pro Max,94.8373
iPhone 17 Pro Max,93.2662
iPhone 17 Pro Max,95.9847
iPhone 17 Pro Max,95.2205
iPhone 17 Pro Max,94.0105
iPhone 17 Pro Max,93.2505
iPhone 17 Pro Max,94.2293
iPhone 17 Pro Max,94.8733
iPhone 17 Pro Max,96.1162
iPhone 17 Pro Max,93.7403
iPhone 17 Pro Max,93.0478
iPhone 17 Pro Max,95.4911
iPhone 17 Pro Max,94.4839
iPhone 17 Pro Max,95.1302
iPhone 17 Pro Max,93.7672
iPhone 17 Pro Max,94.9004
iPhone 17 Pro Max,93.8684
iPhone 17 Pro Max,95.2072
iPhone 17 Pro Max,91.8314
iPhone 17 Pro Max,95.5205
iPhone 17 Pro Max,94.7012
iPhone 17 Pro Max,94.0663
iPhone 17 Pro Max,94.1057
iPhone 17 Pro Max,93.6481
iPhone 17 Pro Max,92.2209
iPhone 17 Pro Max,94.3878
iPhone 17 Pro Max,93.4365
iPhone 17 Pro Max,93.8877
iPhone 17 Pro Max,97.0072
iPhone 17 Pro Max,95.7994
iPhone 17 Pro Max,93.7996
iPhone 17 Pro Max,93.6248
iPhone 17 Pro Max,91.0615
iPhone 17 Pro Max,94.9444
iPhone 17 Pro Max,93.9045
iPhone 17 Pro Max,93.0046
iPhone 17 Pro Max,93.9967
iPhone 17 Pro Max,91.5249
iPhone 17 Pro Max,94.7167
iPhone 17 Pro Max,92.9657
iPhone 17 Pro Max,93.4841
iPhone 17 Pro Max,94.44
iPhone 17 Pro Max,94.4627
iPhone 17 Pro Max,95.2213
iPhone 17 Pro Max,93.4565
iPhone 17 Pro Max,93.4044
iPhone 17 Pro Max,94.6662
iPhone 17 Pro Max,93.571
iPhone 17 Pro Max,93.6362
iPhone 17 Pro Max,94.1562
iPhone 17 Pro Max,95.3685
iPhone 17 Pro Max,93.9105
iPhone 17 Pro Max,94.8838
iPhone 17 Pro Max,94.9364
iPhone 17 Pro Max,95.2315
iPhone 17 Pro Max,94.0466
iPhone 17 Pro Max,93.4654
iPhone 17 Pro Max,95.6949
iPhone 17 Pro Max,91.537
iPhone 17 Pro Max,96.5053
iPhone 17 Pro Max,91.5525
iPhone 17 Pro Max,95.2874
iPhone 17 Pro Max,95.3639
iPhone 17 Pro Max,95.3782
iPhone 17 Pro Max,92.892
iPhone 17 Pro Max,94.6535
iPhone 17 Pro Max,93.5133
iPhone 17 Pro Max,93.1238
iPhone 17 Pro Max,94.1067
iPhone 17 Pro Max,95.7672
iPhone 17 Pro Max,92.7015
iPhone 17 Pro Max,94.8013
iPhone 17 Pro Max,93.5193
iPhone 17 Pro Max,93.394
iPhone 17 Pro Max,93.7252
iPhone 17 Pro Max,94.0034
iPhone 17 Pro Max,93.4095
iPhone 17 Pro Max,93.0966
iPhone 17 Pro Max,93.2255
iPhone 17 Pro Max,95.129
iPhone 17 Pro Max,93.543
iPhone 17 Pro Max,94.4408
iPhone 17 Pro Max,92.6776
iPhone 17 Pro Max,93.9179
iPhone 17 Pro Max,93.8912
iPhone 17 Pro Max,92.5488
iPhone 17 Pro Max,94.9218
iPhone 17 Pro Max,93.919
iPhone 17 Pro Max,92.2285
iPhone 17 Pro Max,95.0099
iPhone 17 Pro Max,93.908
iPhone 17 Pro Max,94.9992
iPhone 17 Pro Max,94.2393
iPhone 17 Pro Max,93.1554
iPhone 17 Pro Max,92.9889
iPhone 17 Pro Max,94.6733
iPhone 17 Pro Max,94.585
iPhone 17 Pro Max,93.5279
iPhone 17 Pro Max,94.2919
iPhone 17 Pro Max,93.8963
iPhone 17 Pro Max,91.4592
iPhone 17 Pro Max,92.7312
iPhone 17 Pro Max,95.1221
iPhone 17 Pro Max,91.369
iPhone 17 Pro Max,93.6838
iPhone 17 Pro Max,95.8589
iPhone 17 Pro Max,93.4293
iPhone 17 Pro Max,93.1027
iPhone 17 Pro Max,91.2207
iPhone 17 Pro Max,95.6896
iPhone 17 Pro Max,93.3936
iPhone 17 Pro Max,94.0441
iPhone 17 Pro Max,94.508
iPhone 17 Pro Max,93.4114
iPhone 17 Pro Max,94.6499
iPhone 17 Pro Max,95.5533
iPhone 17 Pro Max,94.436
iPhone 17 Pro Max,94.6222
iPhone 17 Pro Max,93.7085
iPhone 17 Pro Max,94.8845
iPhone 17 Pro Max,93.9048
iPhone 17 Pro Max,94.9037
iPhone 17 Pro Max,93.4874
iPhone 17 Pro Max,94.4776
iPhone 17 Pro Max,95.0432
iPhone 17 Pro Max,94.3343
iPhone 17 Pro Max,94.1522
iPhone 17 Pro Max,94.4991
iPhone 17 Pro Max,93.9516
iPhone 17 Pro Max,94.334
iPhone 17 Pro Max,94.9084
iPhone 17 Pro Max,95.4431
iPhone 17 Pro Max,92.6055
iPhone 17 Pro Max,94.3028
iPhone 17 Pro Max,93.9537
iPhone 17 Pro Max,94.7115
iPhone 17 Pro Max,96.0886
iPhone 17 Pro Max,94.5875
iPhone 17 Pro Max,92.5924
iPhone 17 Pro Max,92.0314
iPhone 17 Pro Max,94.4035
iPhone 17 Pro Max,93.2674
iPhone 17 Pro Max,93.5078
iPhone 17 Pro Max,93.1672
iPhone 17 Pro Max,95.9882
iPhone 17 Pro Max,92.492
iPhone 17 Pro Max,93.7535
iPhone 17 Pro Max,93.8382
iPhone 17 Pro Max,95.0977
iPhone 17 Pro Max,94.8301
iPhone 17 Pro Max,94.3732
iPhone 17 Pro Max,94.2815
iPhone 17 Pro Max,94.8677
iPhone 17 Pro Max,94.9362
iPhone 17 Pro Max,95.2225
iPhone 17 Pro Max,94.7148
iPhone 17 Pro Max,94.8022
iPhone 17 Pro Max,96.7044
iPhone 17 Pro Max,92.7702
iPhone 17 Pro Max,95.7409
iPhone 17 Pro Max,94.5721
iPhone 17 Pro Max,93.5053
iPhone 17 Pro Max,93.889
iPhone 17 Pro Max,93.5967
iPhone 17 Pro Max,94.5847
iPhone 17 Pro Max,91.7922
iPhone 17 Pro Max,94.0081
iPhone 17 Pro Max,92.5497
iPhone 17 Pro Max,94.6281
iPhone 17 Pro Max,93.3064
iPhone 17 Pro Max,91.7494
iPhone 17 Pro Max,94.0964
iPhone 17 Pro Max,95.3205
iPhone 17 Pro Max,94.9713
iPhone 17 Pro Max,95.7662
iPhone 17 Pro Max,94.6971
iPhone 17 Pro Max,94.7761
iPhone 17 Pro Max,93.9495
iPhone 17 Pro Max,94.9286
iPhone 17 Pro Max,93.3337
iPhone 17 Pro Max,94.2775
iPhone 17 Pro Max,95.4827
iPhone 17 Pro Max,94.1861
iPhone 17 Pro Max,94.5747
iPhone 17 Pro Max,96.2091
iPhone 17 Pro Max,94.0346
iPhone 17 Pro Max,91.5693
iPhone 17 Pro Max,93.4525
iPhone 17 Pro Max,95.9266
iPhone 17 Pro Max,93.7334
iPhone 17 Pro Max,93.6436
iPhone 17 Pro Max,94.0198
iPhone 17 Pro Max,95.1801
iPhone 17 Pro Max,93.8817
iPhone 17 Pro Max,94.9965
iPhone 17 Pro Max,94.1296
iPhone 17 Pro Max,94.709
iPhone 17 Pro Max,94.4697
iPhone 17 Pro Max,94.5908
iPhone 17 Pro Max,93.6208
iPhone 17 Pro Max,94.5402
iPhone 17 Pro Max,93.4731
iPhone 17 Pro Max,93.4778
iPhone 17 Pro Max,96.2428
iPhone 17 Pro Max,93.5454
iPhone 17 Pro Max,93.7022
iPhone 17 Pro Max,94.2975
iPhone 17 Pro Max,92.9193
iPhone 17 Pro Max,95.5587
iPhone 17 Pro Max,94.3006
iPhone 17 Pro Max,93.5789
iPhone 17 Pro Max,95.0117
iPhone 17 Pro Max,96.6438
iPhone 17 Pro Max,93.1176
iPhone 17 Pro Max,95.2405
iPhone 17 Pro Max,93.5239
iPhone 17 Pro Max,95.4218
iPhone 17 Pro Max,94.5405
iPhone 17 Pro Max,92.0715
iPhone 17 Pro Max,95.5467
iPhone 17 Pro Max,95.1819
iPhone 17 Pro Max,93.3757
iPhone 17 Pro Max,94.6417
iPhone 17 Pro Max,94.5049
iPhone 17 Pro Max,93.2622
iPhone 17 Pro Max,94.6192
iPhone 17 Pro Max,93.8516
iPhone 17 Pro Max,94.0572
iPhone 17 Pro Max,94.257
iPhone 17 Pro Max,91.5062
iPhone 17 Pro Max,94.0586
iPhone 17 Pro Max,93.1731
iPhone 17 Pro Max,95.2202
iPhone 17 Pro Max,92.3452
iPhone 17 Pro Max,92.992
iPhone 17 Pro Max,95.7496
iPhone 17 Pro Max,93.2342
iPhone 17 Pro Max,94.6384
iPhone 17 Pro Max,94.6945
iPhone 17 Pro Max,96.2395
iPhone 17 Pro Max,93.3753
iPhone 17 Pro Max,95.2223
iPhone 17 Pro Max,95.8605
iPhone 17 Pro Max,94.5773
iPhone 17 Pro Max,95.6065
iPhone 17 Pro Max,93.3932
iPhone 17 Pro Max,94.7423
iPhone 17 Pro Max,94.3876
iPhone 17 Pro Max,93.3123
iPhone 17 Pro Max,94.6323
iPhone 17 Pro Max,96.3393
iPhone 17 Pro Max,93.5914
iPhone 17 Pro Max,94.7398
iPhone 17 Pro Max,92.2472
iPhone 17 Pro Max,93.7998
iPhone 17 Pro Max,95.5393
iPhone 17 Pro Max,93.7807
iPhone 17 Pro Max,91.8659
iPhone 17 Pro Max,93.3509
iPhone 17 Pro Max,94.2308
iPhone 17 Pro Max,95.5885
iPhone 17 Pro Max,95.4845
iPhone 17 Pro Max,94.163
iPhone 17 Pro Max,95.3611
iPhone 17 Pro Max,93.7586
iPhone 17 Pro Max,94.9506
iPhone 17 Pro Max,95.2615
iPhone 17 Pro Max,95.8575
iPhone 17 Pro Max,94.1139
iPhone 17 Pro Max,94.3802
iPhone 17 Pro Max,93.0986
iPhone 17 Pro Max,93.1601
iPhone 17 Pro Max,95.5055
iPhone 17 Pro Max,94.3816
iPhone 17 Pro Max,95.1957
iPhone 17 Pro Max,93.8871
iPhone 17 Pro Max,94.2976
iPhone 17 Pro Max,95.6072
iPhone 17 Pro Max,94.2485
iPhone 17 Pro Max,94.6512
iPhone 17 Pro Max,95.9018
iPhone 17 Pro Max,91.4781
iPhone 17 Pro Max,92.8228
iPhone 17 Pro Max,92.9233
iPhone 17 Pro Max,93.991
iPhone 17 Pro Max,93.6663
iPhone 17 Pro Max,94.6283
iPhone 17 Pro Max,95.9639
iPhone 17 Pro Max,94.8997
iPhone 17 Pro Max,93.8301
iPhone 17 Pro Max,95.5862
iPhone 17 Pro Max,93.8109
iPhone 17 Pro Max,93.7587
iPhone 17 Pro Max,94.3802
iPhone 17 Pro Max,93.4641
iPhone 17 Pro Max,92.4639
iPhone 17 Pro Max,94.8967
iPhone 17 Pro Max,93.0056
iPhone 17 Pro Max,94.202
iPhone 17 Pro Max,94.9953
iPhone 17 Pro Max,93.5209
iPhone 17 Pro Max,95.9342
iPhone 17 Pro Max,94.976
iPhone 17 Pro Max,95.941
iPhone 17 Pro Max,95.9561
iPhone 17 Pro Max,94.89
iPhone 17 Pro Max,92.6042
iPhone 17 Pro Max,93.3399
iPhone 17 Pro Max,93.2823
iPhone 17 Pro Max,96.7622
iPhone 17 Pro Max,94.1773
iPhone 17 Pro Max,94.9716
iPhone 17 Pro Max,94.2449
iPhone 17 Pro Max,92.3648
iPhone 17 Pro Max,92.9322
iPhone 17 Pro Max,93.2363
iPhone 17 Pro Max,94.679
iPhone 17 Pro Max,94.5119
iPhone 17 Pro Max,94.5499
iPhone 17 Pro Max,93.131
iPhone 17 Pro Max,94.3248
iPhone 17 Pro Max,95.3992
iPhone 17 Pro Max,94.6171
iPhone 17 Pro Max,94.0019
iPhone 17 Pro Max,95.1751
iPhone 17 Pro Max,95.3957
iPhone 17 Pro Max,93.9167
iPhone 17 Pro Max,94.6752
iPhone 17 Pro Max,94.2401
iPhone 17 Pro Max,95.8943
iPhone 17 Pro Max,93.9549
iPhone 17 Pro Max,95.8038
iPhone 17 Pro Max,95.7522
iPhone 17 Pro Max,92.9408
iPhone 17 Pro Max,95.4699
iPhone 17 Pro Max,94.9206
iPhone 17 Pro Max,95.9115
iPhone 17 Pro Max,91.6194
iPhone 17 Pro Max,94.2343
iPhone 17 Pro Max,91.4886
iPhone 17 Pro Max,93.3589
iPhone 17 Pro Max,93.0331
iPhone 17 Pro Max,95.5329
iPhone 17 Pro Max,94.0422
iPhone 17 Pro Max,93.856
iPhone 17 Pro Max,94.4594
iPhone 17 Pro Max,93.2889
iPhone 17 Pro Max,93.934
iPhone 17 Pro Max,93.9928
iPhone 17 Pro Max,94.4505
iPhone 17 Pro Max,94.4953
iPhone 17 Pro Max,92.3225
iPhone 17 Pro Max,95.132
iPhone 17 Pro Max,94.7052
iPhone 17 Pro Max,94.3902
iPhone 17 Pro Max,93.3992
iPhone 17 Pro Max,94.2368
iPhone 17 Pro Max,93.9674
iPhone 17 Pro Max,95.4134
iPhone 17 Pro Max,94.7355
iPhone 17 Pro Max,95.5983
iPhone 17 Pro Max,92.6969
iPhone 17 Pro Max,93.2986
iPhone 17 Pro Max,93.8404
iPhone 17 Pro Max,92.7822
iPhone 17 Pro Max,92.9973
iPhone 17 Pro Max,94.7128
iPhone 17 Pro Max,95.5116
iPhone 17 Pro Max,93.5308
iPhone 17 Pro Max,91.8521
iPhone 17 Pro Max,95.272
iPhone 17 Pro Max,92.7869
iPhone 17 Pro Max,93.5393
iPhone 17 Pro Max,93.5897
iPhone 17 Pro Max,94.7682
iPhone 17 Pro Max,95.3383
iPhone 17 Pro Max,94.2632
iPhone 17 Pro Max,92.4476
iPhone 17 Pro Max,93.5246
iPhone 17 Pro Max,94.2998
iPhone 17 Pro Max,94.5545
iPhone 17 Pro Max,95.2072
iPhone 17 Pro Max,94.6974
iPhone 17 Pro Max,93.6881
iPhone 17 Pro Max,94.2586
iPhone 17 Pro Max,96.0164
iPhone 17 Pro Max,95.3588
iPhone 17 Pro Max,94.6864
iPhone 17 Pro Max,93.4754
iPhone 17 Pro Max,94.6675
iPhone 17 Pro Max,92.6729
iPhone 17 Pro Max,95.1535
iPhone 17 Pro Max,95.2962
iPhone 17 Pro Max,94.9156
iPhone 17 Pro Max,93.9863
iPhone 17 Pro Max,94.7048
iPhone 17 Pro Max,93.5818
iPhone 17 Pro Max,95.7573
iPhone 17 Pro Max,94.7368
iPhone 17 Pro Max,95.0564
iPhone 17 Pro Max,93.9705
iPhone 17 Pro Max,94.7863
iPhone 17 Pro Max,94.6628
iPhone 17 Pro Max,94.076
iPhone 17 Pro Max,93.9644
iPhone 17 Pro Max,94.2522
iPhone 17 Pro Max,95.8908
iPhone 17 Pro Max,94.7837
iPhone 17 Pro Max,94.5183
iPhone 17 Pro Max,94.5268
iPhone 17 Pro Max,93.6902
iPhone 17 Pro Max,92.9525
iPhone 17 Pro Max,94.0407
iPhone 17 Pro Max,92.7345
iPhone 17 Pro Max,93.4207
iPhone 17 Pro Max,94.4864
iPhone 17 Pro Max,94.9767
iPhone 17 Pro Max,91.1146
iPhone 17 Pro Max,94.3104
iPhone 17 Pro Max,94.4495
iPhone 17 Pro Max,93.4247
iPhone 17 Pro Max,94.3213
iPhone 17 Pro Max,95.5092
iPhone 17 Pro Max,95.9741
iPhone 17 Pro Max,95.1018
iPhone 17 Pro Max,92.4974
iPhone 17 Pro Max,93.8672
iPhone 17 Pro Max,94.5069
iPhone 17 Pro Max,93.1772
iPhone 17 Pro Max,93.539
iPhone 17 Pro Max,95.1485
iPhone 17 Pro Max,94.0417
iPhone 17 Pro Max,95.5696
iPhone 17 Pro Max,94.935
iPhone 17 Pro Max,94.1786
iPhone 17 Pro Max,93.9762
iPhone 17 Pro Max,93.8563
iPhone 17 Pro Max,95.2024
iPhone 17 Pro Max,96.1183
iPhone 17 Pro Max,94.2921
iPhone 17 Pro Max,94.1358
iPhone 17 Pro Max,93.3115
iPhone 17 Pro Max,93.6908
iPhone 17 Pro Max,92.9615
iPhone 17 Pro Max,95.3955
iPhone 17 Pro Max,93.7392
iPhone 17 Pro Max,95.0582
iPhone 17 Pro Max,93.8368
iPhone 17 Pro Max,93.3402
iPhone 17 Pro Max,92.4986
iPhone 17 Pro Max,91.8566
iPhone 17 Pro Max,94.6626
iPhone 17 Pro Max,94.5705
iPhone 17 Pro Max,93.1746
iPhone 17 Pro Max,95.3884
iPhone 17 Pro Max,94.3495
iPhone 17 Pro Max,95.2228
iPhone 17 Pro Max,93.9866
iPhone 17 Pro Max,96.7141
iPhone 17 Pro Max,93.5345
iPhone 17 Pro Max,94.7836
iPhone 17 Pro Max,92.7553
iPhone 17 Pro Max,94.0602
iPhone 17 Pro Max,95.3053
iPhone 17 Pro Max,94.6554
iPhone 17 Pro Max,92.4811
iPhone 17 Pro Max,91.4815
iPhone 17 Pro Max,94.338
iPhone 17 Pro Max,93.1129
iPhone 17 Pro Max,91.9875
iPhone 17 Pro Max,94.4651
iPhone 17 Pro Max,94.4909
iPhone 17 Pro Max,96.0752
iPhone 17 Pro Max,92.8598
iPhone 17 Pro Max,94.4447
iPhone 17 Pro Max,95.3523
iPhone 17 Pro Max,93.4665
iPhone 17 Pro Max,95.7079
iPhone 17 Pro Max,95.8838
iPhone 17 Pro Max,93.1344
iPhone 17 Pro Max,95.3113
iPhone 17 Pro Max,93.699
iPhone 17 Pro Max,94.3214
iPhone 17 Pro Max,93.2741
iPhone 17 Pro Max,94.5455
iPhone 17 Pro Max,93.8412
iPhone 17 Pro Max,93.1501
iPhone 17 Pro Max,93.5212
iPhone 17 Pro Max,93.9234
iPhone 17 Pro Max,93.7389
iPhone 17 Pro Max,94.5762
iPhone 17 Pro Max,94.0851
iPhone 17 Pro Max,93.5074
iPhone 17 Pro Max,93.401
iPhone 17 Pro Max,94.3576
iPhone 17 Pro Max,95.1493
iPhone 17 Pro Max,93.5449
iPhone 17 Pro Max,95.215
iPhone 17 Pro Max,92.7939
iPhone 17 Pro Max,96.1945
iPhone 17 Pro Max,92.6378
iPhone 17 Pro Max,92.5559
iPhone 17 Pro Max,93.1278
iPhone 17 Pro Max,94.8402
iPhone 17 Pro Max,94.8092
iPhone 17 Pro Max,93.1272
iPhone 17 Pro Max,95.194
iPhone 17 Pro Max,93.6594
iPhone 17 Pro Max,93.7111
iPhone 17 Pro Max,93.9388
iPhone 17 Pro Max,94.0054
iPhone 17 Pro Max,93.461
iPhone 17 Pro Max,96.1728
iPhone 17 Pro Max,94.3496
iPhone 17 Pro Max,93.3933
iPhone 17 Pro Max,95.2752
iPhone 17 Pro Max,92.1331
iPhone 17 Pro Max,95.3555
iPhone 17 Pro Max,92.7881
iPhone 17 Pro Max,91.9344
iPhone 17 Pro Max,94.1089
iPhone 17 Pro Max,93.8735
iPhone 17 Pro Max,92.2981
iPhone 17 Pro Max,91.6042
iPhone 17 Pro Max,93.6583
iPhone 17 Pro Max,95.3047
iPhone 17 Pro Max,95.6162
iPhone 17 Pro Max,93.2316
iPhone 17 Pro Max,93.6538
iPhone 17 Pro Max,93.9139
iPhone 17 Pro Max,94.1519
iPhone 17 Pro Max,94.9094
iPhone 17 Pro Max,93.5171
iPhone 17 Pro Max,94.6088
iPhone 17 Pro Max,95.8685
iPhone 17 Pro Max,95.2309
iPhone 17 Pro Max,92.0322
iPhone 17 Pro Max,95.3359
iPhone 17 Pro Max,93.8587
iPhone 17 Pro Max,93.8938
iPhone 17 Pro Max,94.1849
iPhone 17 Pro Max,95.0582
iPhone 17 Pro Max,95.3253
iPhone 17 Pro Max,94.808
iPhone 17 Pro Max,93.3605
iPhone 17 Pro Max,93.1456
iPhone 17 Pro Max,95.3231
iPhone 17 Pro Max,91.5017
iPhone 17 Pro Max,93.0006
iPhone 17 Pro Max,93.1675
iPhone 17 Pro Max,96.9557
iPhone 17 Pro Max,94.6908
iPhone 17 Pro Max,94.2815
iPhone 17 Pro Max,93.4081
iPhone 17 Pro Max,94.7771
iPhone 17 Pro Max,93.9917
iPhone 17 Pro Max,94.8618
iPhone 17 Pro Max,92.9125
iPhone 17 Pro Max,95.9796
iPhone 17 Pro Max,92.9466
iPhone 17 Pro Max,96.2097
iPhone 17 Pro Max,94.0186
iPhone 17 Pro Max,93.9935
iPhone 17 Pro Max,94.4548
iPhone 17 Pro Max,94.2242
iPhone 17 Pro Max,93.146
iPhone 17 Pro Max,94.4801
iPhone 17 Pro Max,95.4212
iPhone 17 Pro Max,92.6969
iPhone 17 Pro Max,92.1569
iPhone 17 Pro Max,92.0698
iPhone 17 Pro Max,94.1182
iPhone 17 Pro Max,94.3808
iPhone 17 Pro Max,94.307
iPhone 17 Pro Max,96.2639
iPhone 17 Pro Max,94.0918
iPhone 17 Pro Max,93.9552
iPhone 17 Pro Max,94.8119
iPhone 17 Pro Max,93.6125
iPhone 17 Pro Max,94.2558
iPhone 17 Pro Max,95.5517
iPhone 17 Pro Max,94.4015
iPhone 17 Pro Max,95.5212
iPhone 17 Pro Max,93.123
iPhone 17 Pro Max,93.1343
iPhone 17 Pro Max,93.6725
iPhone 17 Pro Max,95.2886
iPhone 17 Pro Max,94.9944
iPhone 17 Pro Max,93.418
iPhone 17 Pro Max,93.4927
iPhone 17 Pro Max,96.3616
iPhone 17 Pro Max,94.3973
iPhone 17 Pro Max,95.1075
iPhone 17 Pro Max,92.9433
iPhone 17 Pro Max,94.802
iPhone 17 Pro Max,94.3156
iPhone 17 Pro Max,93.0883
iPhone 17 Pro Max,95.7312
iPhone 17 Pro Max,93.0688
iPhone 17 Pro Max,94.7247
iPhone 17 Pro Max,94.9872
iPhone 17 Pro Max,95.7595
iPhone 17 Pro Max,95.7109
iPhone 17 Pro Max,95.7565
iPhone 17 Pro Max,94.5551
iPhone 17 Pro Max,94.734
iPhone 17 Pro Max,94.1254
iPhone 17 Pro Max,94.8585
iPhone 17 Pro Max,94.0176
iPhone 17 Pro Max,95.2626
iPhone 17 Pro Max,94.9437
iPhone 17 Pro Max,95.539
iPhone 17 Pro Max,94.7784
iPhone 17 Pro Max,93.6803
iPhone 17 Pro Max,93.6863
iPhone 17 Pro Max,96.112
iPhone 17 Pro Max,93.4486
iPhone 17 Pro Max,95.0185
iPhone 17 Pro Max,95.1921
iPhone 17 Pro Max,91.9917
iPhone 17 Pro Max,94.9784
iPhone 17 Pro Max,92.979
iPhone 17 Pro Max,93.3326
iPhone 17 Pro Max,94.3796
iPhone 17 Pro Max,94.5321
iPhone 17 Pro Max,94.6696
iPhone 17 Pro Max,92.9468
iPhone 17 Pro Max,95.4789
iPhone 17 Pro Max,95.8851
iPhone 17 Pro Max,95.0754
iPhone 17 Pro Max,95.3884
iPhone 17 Pro Max,92.7368
iPhone 17 Pro Max,95.4373
iPhone 17 Pro Max,95.2202
iPhone 17 Pro Max,95.6876
iPhone 17 Pro Max,94.8063
iPhone 17 Pro Max,94.1387
iPhone 17 Pro Max,93.9894
iPhone 17 Pro Max,94.6422
iPhone 17 Pro Max,94.6708
iPhone 17 Pro Max,92.7398
iPhone 17 Pro Max,93.0135
iPhone 17 Pro Max,93.0051
iPhone 17 Pro Max,96.1882
iPhone 17 Pro Max,94.5211
iPhone 17 Pro Max,95.4268
iPhone 17 Pro Max,93.7689
iPhone 17 Pro Max,95.4519
iPhone 17 Pro Max,93.4959
iPhone 17 Pro Max,96.4906
iPhone 17 Pro Max,95.0781
iPhone 17 Pro Max,92.2737
iPhone 17 Pro Max,95.3751
iPhone 17 Pro Max,94.0611
iPhone 17 Pro Max,95.3715
iPhone 17 Pro Max,94.7612
iPhone 17 Pro Max,93.9642
iPhone 17 Pro Max,93.4295
iPhone 17 Pro Max,93.2006
iPhone 17 Pro Max,94.4408
iPhone 17 Pro Max,94.6013
iPhone 17 Pro Max,93.2028
iPhone 17 Pro Max,95.1753
iPhone 17 Pro Max,95.07
iPhone 17 Pro Max,93.9052
iPhone 17 Pro Max,94.1972
iPhone 17 Pro Max,94.6746
iPhone 17 Pro Max,93.7662
iPhone 17 Pro Max,94.5995
iPhone 17 Pro Max,94.5113
iPhone 17 Pro Max,94.341
iPhone 17 Pro Max,94.6515
iPhone 17 Pro Max,94.0438
iPhone 17 Pro Max,94.5562
iPhone 17 Pro Max,95.0556
iPhone 17 Pro Max,95.7629
iPhone 17 Pro Max,94.7721
iPhone 17 Pro Max,93.138
iPhone 17 Pro Max,94.2968
iPhone 17 Pro Max,94.0785
iPhone 17 Pro Max,91.8378
iPhone 17 Pro Max,93.8804
iPhone 17 Pro Max,94.3398
iPhone 17 Pro Max,93.7591
iPhone 17 Pro Max,93.5519
iPhone 17 Pro Max,94.6528
iPhone 17 Pro Max,93.5809
iPhone 17 Pro Max,94.7414
iPhone 17 Pro Max,94.8001
iPhone 17 Pro Max,92.8439
iPhone 17 Pro Max,94.0568
iPhone 17 Pro Max,95.1265
iPhone 17 Pro Max,93.7595
iPhone 17 Pro Max,95.1238
iPhone 17 Pro Max,93.9992
iPhone 17 Pro Max,94.1648
iPhone 17 Pro Max,93.7088
iPhone 17 Pro Max,95.8865
iPhone 17 Pro Max,94.4242
iPhone 17 Pro Max,94.9946
iPhone 17 Pro Max,93.3855
iPhone 17 Pro Max,93.4805
iPhone 17 Pro Max,94.8053
iPhone 17 Pro Max,93.0903
iPhone 17 Pro Max,93.5913
iPhone 17 Pro Max,93.3415
iPhone 17 Pro Max,95.4069
iPhone 17 Pro Max,95.7816
iPhone 17 Pro Max,95.5911
iPhone 17 Pro Max,95.2563
iPhone 17 Pro Max,93.569
iPhone 17 Pro Max,93.5721
iPhone 17 Pro Max,95.5489
iPhone 17 Pro Max,94.1388
iPhone 17 Pro Max,93.459
iPhone 17 Pro Max,94.1494
iPhone 17 Pro Max,94.2286
iPhone 17 Pro Max,93.0246
iPhone 17 Pro Max,94.1685
iPhone 17 Pro Max,93.7642
iPhone 17 Pro Max,94.1281
iPhone 17 Pro Max,94.1029
iPhone 17 Pro Max,94.9306
iPhone 17 Pro Max,94.9629
iPhone 17 Pro Max,95.3801
iPhone 17 Pro Max,94.8695
iPhone 17 Pro Max,96.4895
iPhone 17 Pro Max,94.2688
iPhone 17 Pro Max,92.1815
iPhone 17 Pro Max,94.6854
iPhone 17 Pro Max,94.7486
Google Pixel 10 Pro,92.1822
Google Pixel 10 Pro,93.2441
Google Pixel 10 Pro,91.4678
Google Pixel 10 Pro,90.9318
Google Pixel 10 Pro,93.6955
Google Pixel 10 Pro,92.3193
Google Pixel 10 Pro,92.7698
Google Pixel 10 Pro,93.1809
Google Pixel 10 Pro,92.677
Google Pixel 10 Pro,93.3211
Google Pixel 10 Pro,92.9824
Google Pixel 10 Pro,93.8586
Google Pixel 10 Pro,94.1782
Google Pixel 10 Pro,92.6355
Google Pixel 10 Pro,93.6998
Google Pixel 10 Pro,92.4003
Google Pixel 10 Pro,92.1885
Google Pixel 10 Pro,91.3454
Google Pixel 10 Pro,93.0775
Google Pixel 10 Pro,92.0024
Google Pixel 10 Pro,92.8983
Google Pixel 10 Pro,91.0377
Google Pixel 10 Pro,93.7906
Google Pixel 10 Pro,92.4068
Google Pixel 10 Pro,91.8352
Google Pixel 10 Pro,93.6721
Google Pixel 10 Pro,92.8518
Google Pixel 10 Pro,93.0354
Google Pixel 10 Pro,93.9864
Google Pixel 10 Pro,91.7243
Google Pixel 10 Pro,91.9493
Google Pixel 10 Pro,92.2321
Google Pixel 10 Pro,92.3889
Google Pixel 10 Pro,93.2503
Google Pixel 10 Pro,88.427
Google Pixel 10 Pro,93.9252
Google Pixel 10 Pro,90.6949
Google Pixel 10 Pro,93.5879
Google Pixel 10 Pro,93.7953
Google Pixel 10 Pro,93.311
Google Pixel 10 Pro,94.35
Google Pixel 10 Pro,93.3815
Google Pixel 10 Pro,91.8284
Google Pixel 10 Pro,92.6515
Google Pixel 10 Pro,91.7766
Google Pixel 10 Pro,92.4042
Google Pixel 10 Pro,93.5846
Google Pixel 10 Pro,94.4377
Google Pixel 10 Pro,94.4278
Google Pixel 10 Pro,91.9437
Google Pixel 10 Pro,92.3514
Google Pixel 10 Pro,91.4219
Google Pixel 10 Pro,92.6564
Google Pixel 10 Pro,93.6181
Google Pixel 10 Pro,92.1823
Google Pixel 10 Pro,93.3846
Google Pixel 10 Pro,91.9508
Google Pixel 10 Pro,92.0736
Google Pixel 10 Pro,93.4627
Google Pixel 10 Pro,91.4137
Google Pixel 10 Pro,90.2991
Google Pixel 10 Pro,93.554
Google Pixel 10 Pro,93.4595
Google Pixel 10 Pro,93.6259
Google Pixel 10 Pro,93.0828
Google Pixel 10 Pro,94.0654
Google Pixel 10 Pro,91.3906
Google Pixel 10 Pro,93.5286
Google Pixel 10 Pro,91.2823
Google Pixel 10 Pro,93.5117
Google Pixel 10 Pro,92.2041
Google Pixel 10 Pro,93.9757
Google Pixel 10 Pro,94.1852
Google Pixel 10 Pro,91.5159
Google Pixel 10 Pro,93.8825
Google Pixel 10 Pro,91.9253
Google Pixel 10 Pro,94.2538
Google Pixel 10 Pro,92.142
Google Pixel 10 Pro,91.2887
Google Pixel 10 Pro,91.9562
Google Pixel 10 Pro,93.5704
Google Pixel 10 Pro,93.6742
Google Pixel 10 Pro,92.8763
Google Pixel 10 Pro,93.8542
Google Pixel 10 Pro,94.2718
Google Pixel 10 Pro,92.4403
Google Pixel 10 Pro,91.8224
Google Pixel 10 Pro,92.2404
Google Pixel 10 Pro,93.4987
Google Pixel 10 Pro,92.7542
Google Pixel 10 Pro,93.0368
Google Pixel 10 Pro,92.7445
Google Pixel 10 Pro,91.7178
Google Pixel 10 Pro,94.3206
Google Pixel 10 Pro,92.5984
Google Pixel 10 Pro,92.2742
Google Pixel 10 Pro,93.5816
Google Pixel 10 Pro,94.8394
Google Pixel 10 Pro,93.6402
Google Pixel 10 Pro,93.0586
Google Pixel 10 Pro,92.3303
Google Pixel 10 Pro,94.2852
Google Pixel 10 Pro,92.6444
Google Pixel 10 Pro,92.8344
Google Pixel 10 Pro,93.6054
Google Pixel 10 Pro,93.8032
Google Pixel 10 Pro,93.8104
Google Pixel 10 Pro,92.2727
Google Pixel 10 Pro,91.6283
Google Pixel 10 Pro,91.9898
Google Pixel 10 Pro,92.5418
Google Pixel 10 Pro,93.0685
Google Pixel 10 Pro,93.0955
Google Pixel 10 Pro,91.647
Google Pixel 10 Pro,93.0749
Google Pixel 10 Pro,92.5946
Google Pixel 10 Pro,94.0645
Google Pixel 10 Pro,92.387
Google Pixel 10 Pro,93.4126
Google Pixel 10 Pro,93.1771
Google Pixel 10 Pro,93.7944
Google Pixel 10 Pro,92.7155
Google Pixel 10 Pro,91.2443
Google Pixel 10 Pro,92.7237
Google Pixel 10 Pro,91.8606
Google Pixel 10 Pro,92.8043
Google Pixel 10 Pro,93.6901
Google Pixel 10 Pro,93.1277
Google Pixel 10 Pro,91.774
Google Pixel 10 Pro,92.4163
Google Pixel 10 Pro,92.4756
Google Pixel 10 Pro,94.0185
Google Pixel 10 Pro,91.756
Google Pixel 10 Pro,93.8905
Google Pixel 10 Pro,91.1842
Google Pixel 10 Pro,91.8215
Google Pixel 10 Pro,92.4266
Google Pixel 10 Pro,93.1447
Google Pixel 10 Pro,93.3834
Google Pixel 10 Pro,93.8933
Google Pixel 10 Pro,91.3339
Google Pixel 10 Pro,91.8978
Google Pixel 10 Pro,92.9751
Google Pixel 10 Pro,93.2656
Google Pixel 10 Pro,93.0761
Google Pixel 10 Pro,92.8304
Google Pixel 10 Pro,93.2089
Google Pixel 10 Pro,93.0359
Google Pixel 10 Pro,91.8963
Google Pixel 10 Pro,92.5496
Google Pixel 10 Pro,93.1318
Google Pixel 10 Pro,93.9925
Google Pixel 10 Pro,93.2973
Google Pixel 10 Pro,93.8525
Google Pixel 10 Pro,93.4676
Google Pixel 10 Pro,91.0819
Google Pixel 10 Pro,91.2898
Google Pixel 10 Pro,94.4005
Google Pixel 10 Pro,93.4963
Google Pixel 10 Pro,93.6435
Google Pixel 10 Pro,94.2126
Google Pixel 10 Pro,89.9678
Google Pixel 10 Pro,92.0905
Google Pixel 10 Pro,92.1858
Google Pixel 10 Pro,91.9912
Google Pixel 10 Pro,96.2683
Google Pixel 10 Pro,92.8901
Google Pixel 10 Pro,92.1138
Google Pixel 10 Pro,93.2592
Google Pixel 10 Pro,92.8393
Google Pixel 10 Pro,93.1765
Google Pixel 10 Pro,92.8642
Google Pixel 10 Pro,90.9731
Google Pixel 10 Pro,91.8713
Google Pixel 10 Pro,91.8055
Google Pixel 10 Pro,91.3597
Google Pixel 10 Pro,92.5655
Google Pixel 10 Pro,94.0335
Google Pixel 10 Pro,93.0652
Google Pixel 10 Pro,92.1035
Google Pixel 10 Pro,93.2257
Google Pixel 10 Pro,92.8193
Google Pixel 10 Pro,88.8323
Google Pixel 10 Pro,92.2065
Google Pixel 10 Pro,93.4195
Google Pixel 10 Pro,92.7473
Google Pixel 10 Pro,93.1057
Google Pixel 10 Pro,93.6151
Google Pixel 10 Pro,94.0941
Google Pixel 10 Pro,93.1527
Google Pixel 10 Pro,91.4294
Google Pixel 10 Pro,94.6394
Google Pixel 10 Pro,94.8013
Google Pixel 10 Pro,92.3284
Google Pixel 10 Pro,90.1804
Google Pixel 10 Pro,91.6205
Google Pixel 10 Pro,95.3947
Google Pixel 10 Pro,93.662
Google Pixel 10 Pro,94.0735
Google Pixel 10 Pro,91.6272
Google Pixel 10 Pro,93.5032
Google Pixel 10 Pro,93.0449
Google Pixel 10 Pro,91.7044
Google Pixel 10 Pro,91.6687
Google Pixel 10 Pro,91.6527
Google Pixel 10 Pro,91.5014
Google Pixel 10 Pro,93.63
Google Pixel 10 Pro,93.3081
Google Pixel 10 Pro,93.8916
Google Pixel 10 Pro,93.4905
Google Pixel 10 Pro,94.0241
Google Pixel 10 Pro,93.484
Google Pixel 10 Pro,93.6241
Google Pixel 10 Pro,94.3834
Google Pixel 10 Pro,93.4237
Google Pixel 10 Pro,90.7725
Google Pixel 10 Pro,93.3105
Google Pixel 10 Pro,91.149
Google Pixel 10 Pro,91.0989
Google Pixel 10 Pro,90.9837
Google Pixel 10 Pro,91.9566
Google Pixel 10 Pro,93.4718
Google Pixel 10 Pro,93.443
Google Pixel 10 Pro,92.0583
Google Pixel 10 Pro,93.305
Google Pixel 10 Pro,93.6442
Google Pixel 10 Pro,91.4923
Google Pixel 10 Pro,92.7893
Google Pixel 10 Pro,93.5574
Google Pixel 10 Pro,92.8996
Google Pixel 10 Pro,95.014
Google Pixel 10 Pro,92.7775
Google Pixel 10 Pro,95.175
Google Pixel 10 Pro,93.5038
Google Pixel 10 Pro,93.3716
Google Pixel 10 Pro,93.0921
Google Pixel 10 Pro,90.3798
Google Pixel 10 Pro,93.3895
Google Pixel 10 Pro,94.5365
Google Pixel 10 Pro,92.2635
Google Pixel 10 Pro,93.3361
Google Pixel 10 Pro,93.1245
Google Pixel 10 Pro,94.1987
Google Pixel 10 Pro,94.6489
Google Pixel 10 Pro,93.3524
Google Pixel 10 Pro,92.9003
Google Pixel 10 Pro,93.0727
Google Pixel 10 Pro,93.2669
Google Pixel 10 Pro,91.4496
Google Pixel 10 Pro,92.3815
Google Pixel 10 Pro,92.8923
Google Pixel 10 Pro,93.8774
Google Pixel 10 Pro,92.8178
Google Pixel 10 Pro,91.1777
Google Pixel 10 Pro,92.4382
Google Pixel 10 Pro,92.7798
Google Pixel 10 Pro,93.5679
Google Pixel 10 Pro,90.9333
Google Pixel 10 Pro,94.3437
Google Pixel 10 Pro,90.1207
Google Pixel 10 Pro,92.5709
Google Pixel 10 Pro,93.7551
Google Pixel 10 Pro,92.4624
Google Pixel 10 Pro,92.9122
Google Pixel 10 Pro,93.1839
Google Pixel 10 Pro,93.6642
Google Pixel 10 Pro,92.1241
Google Pixel 10 Pro,91.9786
Google Pixel 10 Pro,91.0306
Google Pixel 10 Pro,93.2501
Google Pixel 10 Pro,94.0318
Google Pixel 10 Pro,93.7316
Google Pixel 10 Pro,92.3213
Google Pixel 10 Pro,93.6473
Google Pixel 10 Pro,92.5229
Google Pixel 10 Pro,92.8063
Google Pixel 10 Pro,92.9765
Google Pixel 10 Pro,93.9559
Google Pixel 10 Pro,93.7495
Google Pixel 10 Pro,93.6156
Google Pixel 10 Pro,93.8985
Google Pixel 10 Pro,91.2455
Google Pixel 10 Pro,91.8959
Google Pixel 10 Pro,93.935
Google Pixel 10 Pro,92.2168
Google Pixel 10 Pro,93.3783
Google Pixel 10 Pro,93.0509
Google Pixel 10 Pro,93.8525
Google Pixel 10 Pro,93.1417
Google Pixel 10 Pro,94.6932
Google Pixel 10 Pro,93.4385
Google Pixel 10 Pro,92.4838
Google Pixel 10 Pro,92.9611
Google Pixel 10 Pro,94.0748
Google Pixel 10 Pro,92.5223
Google Pixel 10 Pro,92.788
Google Pixel 10 Pro,92.2953
Google Pixel 10 Pro,92.0511
Google Pixel 10 Pro,93.2788
Google Pixel 10 Pro,91.7269
Google Pixel 10 Pro,93.0628
Google Pixel 10 Pro,92.0609
Google Pixel 10 Pro,93.1747
Google Pixel 10 Pro,91.5743
Google Pixel 10 Pro,93.2151
Google Pixel 10 Pro,92.779
Google Pixel 10 Pro,92.6898
Google Pixel 10 Pro,92.7346
Google Pixel 10 Pro,91.4202
Google Pixel 10 Pro,93.5014
Google Pixel 10 Pro,91.9963
Google Pixel 10 Pro,92.745
Google Pixel 10 Pro,92.2987
Google Pixel 10 Pro,92.5831
Google Pixel 10 Pro,93.7109
Google Pixel 10 Pro,91.5365
Google Pixel 10 Pro,93.5743
Google Pixel 10 Pro,95.0195
Google Pixel 10 Pro,92.7123
Google Pixel 10 Pro,93.5847
Google Pixel 10 Pro,93.2069
Google Pixel 10 Pro,93.2606
Google Pixel 10 Pro,93.4533
Google Pixel 10 Pro,92.9233
Google Pixel 10 Pro,92.9904
Google Pixel 10 Pro,91.6584
Google Pixel 10 Pro,92.1133
Google Pixel 10 Pro,93.8364
Google Pixel 10 Pro,91.5598
Google Pixel 10 Pro,92.6278
Google Pixel 10 Pro,92.2668
Google Pixel 10 Pro,92.0647
Google Pixel 10 Pro,94.9427
Google Pixel 10 Pro,92.9566
Google Pixel 10 Pro,92.6056
Google Pixel 10 Pro,94.2332
Google Pixel 10 Pro,93.2875
Google Pixel 10 Pro,93.6016
Google Pixel 10 Pro,92.4714
Google Pixel 10 Pro,92.1301
Google Pixel 10 Pro,92.5521
Google Pixel 10 Pro,94.472
Google Pixel 10 Pro,92.7074
Google Pixel 10 Pro,92.167
Google Pixel 10 Pro,90.6394
Google Pixel 10 Pro,93.4176
Google Pixel 10 Pro,92.2412
Google Pixel 10 Pro,94.0019
Google Pixel 10 Pro,94.55
Google Pixel 10 Pro,92.9342
Google Pixel 10 Pro,91.6658
Google Pixel 10 Pro,91.3732
Google Pixel 10 Pro,93.153
Google Pixel 10 Pro,92.4742
Google Pixel 10 Pro,91.2792
Google Pixel 10 Pro,94.3657
Google Pixel 10 Pro,92.589
Google Pixel 10 Pro,93.4067
Google Pixel 10 Pro,92.8365
Google Pixel 10 Pro,92.8421
Google Pixel 10 Pro,93.6601
Google Pixel 10 Pro,91.4098
Google Pixel 10 Pro,94.4526
Google Pixel 10 Pro,92.5242
Google Pixel 10 Pro,93.8194
Google Pixel 10 Pro,92.7638
Google Pixel 10 Pro,91.3592
Google Pixel 10 Pro,92.2655
Google Pixel 10 Pro,92.1523
Google Pixel 10 Pro,92.3383
Google Pixel 10 Pro,92.6212
Google Pixel 10 Pro,91.3763
Google Pixel 10 Pro,93.6408
Google Pixel 10 Pro,91.8551
Google Pixel 10 Pro,93.4376
Google Pixel 10 Pro,92.841
Google Pixel 10 Pro,91.5193
Google Pixel 10 Pro,93.1319
Google Pixel 10 Pro,92.219
Google Pixel 10 Pro,93.9598
Google Pixel 10 Pro,93.6703
Google Pixel 10 Pro,94.1418
Google Pixel 10 Pro,93.1023
Google Pixel 10 Pro,92.451
Google Pixel 10 Pro,93.0601
Google Pixel 10 Pro,93.4299
Google Pixel 10 Pro,92.7875
Google Pixel 10 Pro,93.8278
Google Pixel 10 Pro,91.9898
Google Pixel 10 Pro,94.2801
Google Pixel 10 Pro,91.2885
Google Pixel 10 Pro,92.5302
Google Pixel 10 Pro,92.7291
Google Pixel 10 Pro,93.1933
Google Pixel 10 Pro,92.0431
Google Pixel 10 Pro,93.0301
Google Pixel 10 Pro,91.341
Google Pixel 10 Pro,93.7935
Google Pixel 10 Pro,92.5749
Google Pixel 10 Pro,93.6832
Google Pixel 10 Pro,92.5879
Google Pixel 10 Pro,92.2122
Google Pixel 10 Pro,91.0045
Google Pixel 10 Pro,93.1458
Google Pixel 10 Pro,92.9035
Google Pixel 10 Pro,92.9149
Google Pixel 10 Pro,93.4104
Google Pixel 10 Pro,93.362
Google Pixel 10 Pro,93.5736
Google Pixel 10 Pro,93.1949
Google Pixel 10 Pro,93.1675
Google Pixel 10 Pro,92.9714
Google Pixel 10 Pro,92.8761
Google Pixel 10 Pro,93.2132
Google Pixel 10 Pro,94.9907
Google Pixel 10 Pro,93.4398
Google Pixel 10 Pro,93.6281
Google Pixel 10 Pro,92.5899
Google Pixel 10 Pro,93.177
Google Pixel 10 Pro,93.0153
Google Pixel 10 Pro,92.5833
Google Pixel 10 Pro,93.0638
Google Pixel 10 Pro,91.7393
Google Pixel 10 Pro,93.5858
Google Pixel 10 Pro,92.7439
Google Pixel 10 Pro,93.2512
Google Pixel 10 Pro,92.3533
Google Pixel 10 Pro,92.5809
Google Pixel 10 Pro,91.5536
Google Pixel 10 Pro,92.6914
Google Pixel 10 Pro,92.6696
Google Pixel 10 Pro,91.9338
Google Pixel 10 Pro,94.5577
Google Pixel 10 Pro,93.9265
Google Pixel 10 Pro,92.9313
Google Pixel 10 Pro,90.9344
Google Pixel 10 Pro,94.1471
Google Pixel 10 Pro,92.8722
Google Pixel 10 Pro,91.795
Google Pixel 10 Pro,93.6534
Google Pixel 10 Pro,92.3687
Google Pixel 10 Pro,91.7876
Google Pixel 10 Pro,94.4038
Google Pixel 10 Pro,93.4353
Google Pixel 10 Pro,92.5889
Google Pixel 10 Pro,92.4185
Google Pixel 10 Pro,93.6501
Google Pixel 10 Pro,93.404
Google Pixel 10 Pro,93.1522
Google Pixel 10 Pro,92.22
Google Pixel 10 Pro,94.3759
Google Pixel 10 Pro,92.5912
Google Pixel 10 Pro,92.8148
Google Pixel 10 Pro,92.3392
Google Pixel 10 Pro,94.2944
Google Pixel 10 Pro,91.687
Google Pixel 10 Pro,94.2328
Google Pixel 10 Pro,94.591
Google Pixel 10 Pro,92.2679
Google Pixel 10 Pro,93.831
Google Pixel 10 Pro,94.8205
Google Pixel 10 Pro,93.2254
Google Pixel 10 Pro,93.0629
Google Pixel 10 Pro,93.9001
Google Pixel 10 Pro,91.3138
Google Pixel 10 Pro,93.369
Google Pixel 10 Pro,92.636
Google Pixel 10 Pro,93.2883
Google Pixel 10 Pro,91.8237
Google Pixel 10 Pro,91.5722
Google Pixel 10 Pro,92.4153
Google Pixel 10 Pro,95.1489
Google Pixel 10 Pro,92.5094
Google Pixel 10 Pro,93.6929
Google Pixel 10 Pro,93.4926
Google Pixel 10 Pro,93.4226
Google Pixel 10 Pro,92.8898
Google Pixel 10 Pro,93.5082
Google Pixel 10 Pro,93.2244
Google Pixel 10 Pro,92.9146
Google Pixel 10 Pro,94.1944
Google Pixel 10 Pro,92.7084
Google Pixel 10 Pro,92.2023
Google Pixel 10 Pro,92.8615
Google Pixel 10 Pro,90.7228
Google Pixel 10 Pro,91.7419
Google Pixel 10 Pro,89.6942
Google Pixel 10 Pro,92.9732
Google Pixel 10 Pro,91.9914
Google Pixel 10 Pro,93.9898
Google Pixel 10 Pro,93.6979
Google Pixel 10 Pro,90.8957
Google Pixel 10 Pro,93.4385
Google Pixel 10 Pro,93.0827
Google Pixel 10 Pro,94.4883
Google Pixel 10 Pro,90.1378
Google Pixel 10 Pro,94.5615
Google Pixel 10 Pro,93.634
Google Pixel 10 Pro,91.9822
Google Pixel 10 Pro,94.0112
Google Pixel 10 Pro,93.1424
Google Pixel 10 Pro,93.3933
Google Pixel 10 Pro,94.4474
Google Pixel 10 Pro,93.6148
Google Pixel 10 Pro,92.1372
Google Pixel 10 Pro,93.462
Google Pixel 10 Pro,92.3368
Google Pixel 10 Pro,92.4679
Google Pixel 10 Pro,93.7444
Google Pixel 10 Pro,92.9632
Google Pixel 10 Pro,93.7668
Google Pixel 10 Pro,93.8991
Google Pixel 10 Pro,92.0572
Google Pixel 10 Pro,91.9507
Google Pixel 10 Pro,93.3888
Google Pixel 10 Pro,92.1543
Google Pixel 10 Pro,90.3989
Google Pixel 10 Pro,94.7776
Google Pixel 10 Pro,90.7457
Google Pixel 10 Pro,93.6023
Google Pixel 10 Pro,94.1218
Google Pixel 10 Pro,94.9114
Google Pixel 10 Pro,92.7845
Google Pixel 10 Pro,91.4388
Google Pixel 10 Pro,93.8136
Google Pixel 10 Pro,93.0593
Google Pixel 10 Pro,92.475
Google Pixel 10 Pro,92.4079
Google Pixel 10 Pro,92.2175
Google Pixel 10 Pro,92.4741
Google Pixel 10 Pro,94.0242
Google Pixel 10 Pro,93.6357
Google Pixel 10 Pro,93.0224
Google Pixel 10 Pro,93.1515
Google Pixel 10 Pro,92.4741
Google Pixel 10 Pro,94.3027
Google Pixel 10 Pro,94.2612
Google Pixel 10 Pro,92.0652
Google Pixel 10 Pro,93.3615
Google Pixel 10 Pro,92.6222
Google Pixel 10 Pro,92.5125
Google Pixel 10 Pro,91.3873
Google Pixel 10 Pro,92.4923
Google Pixel 10 Pro,93.4647
Google Pixel 10 Pro,94.2472
Google Pixel 10 Pro,92.2845
Google Pixel 10 Pro,93.7352
Google Pixel 10 Pro,92.4333
Google Pixel 10 Pro,94.423
Google Pixel 10 Pro,93.0551
Google Pixel 10 Pro,90.2923
Google Pixel 10 Pro,92.7964
Google Pixel 10 Pro,93.3525
Google Pixel 10 Pro,92.2796
Google Pixel 10 Pro,90.6123
Google Pixel 10 Pro,92.8459
Google Pixel 10 Pro,93.653
Google Pixel 10 Pro,91.1158
Google Pixel 10 Pro,92.9095
Google Pixel 10 Pro,94.7543
Google Pixel 10 Pro,95.1376
Google Pixel 10 Pro,92.5875
Google Pixel 10 Pro,93.0745
Google Pixel 10 Pro,91.505
Google Pixel 10 Pro,92.1859
Google Pixel 10 Pro,92.6424
Google Pixel 10 Pro,93.9637
Google Pixel 10 Pro,92.7727
Google Pixel 10 Pro,91.6962
Google Pixel 10 Pro,92.057
Google Pixel 10 Pro,93.7315
Google Pixel 10 Pro,92.345
Google Pixel 10 Pro,92.9177
Google Pixel 10 Pro,92.1456
Google Pixel 10 Pro,92.4662
Google Pixel 10 Pro,92.8619
Google Pixel 10 Pro,92.9525
Google Pixel 10 Pro,94.3284
Google Pixel 10 Pro,93.1948
Google Pixel 10 Pro,94.6113
Google Pixel 10 Pro,94.2372
Google Pixel 10 Pro,91.127
Google Pixel 10 Pro,93.062
Google Pixel 10 Pro,91.4165
Google Pixel 10 Pro,91.5146
Google Pixel 10 Pro,92.0636
Google Pixel 10 Pro,93.7027
Google Pixel 10 Pro,93.7245
Google Pixel 10 Pro,91.5018
Google Pixel 10 Pro,92.0864
Google Pixel 10 Pro,91.047
Google Pixel 10 Pro,92.9602
Google Pixel 10 Pro,91.9048
Google Pixel 10 Pro,91.4223
Google Pixel 10 Pro,92.6494
Google Pixel 10 Pro,93.3255
Google Pixel 10 Pro,93.4401
Google Pixel 10 Pro,93.9139
Google Pixel 10 Pro,92.7348
Google Pixel 10 Pro,91.4383
Google Pixel 10 Pro,91.6875
Google Pixel 10 Pro,92.0189
Google Pixel 10 Pro,93.3195
Google Pixel 10 Pro,93.4204
Google Pixel 10 Pro,92.8463
Google Pixel 10 Pro,92.4898
Google Pixel 10 Pro,93.7265
Google Pixel 10 Pro,92.3761
Google Pixel 10 Pro,94.9334
Google Pixel 10 Pro,93.6174
Google Pixel 10 Pro,95.221
Google Pixel 10 Pro,91.68
Google Pixel 10 Pro,91.428
Google Pixel 10 Pro,92.9497
Google Pixel 10 Pro,94.0356
Google Pixel 10 Pro,91.6903
Google Pixel 10 Pro,94.0435
Google Pixel 10 Pro,91.2435
Google Pixel 10 Pro,90.7525
Google Pixel 10 Pro,92.3322
Google Pixel 10 Pro,93.3958
Google Pixel 10 Pro,91.8561
Google Pixel 10 Pro,91.2051
Google Pixel 10 Pro,91.6592
Google Pixel 10 Pro,93.9544
Google Pixel 10 Pro,90.6898
Google Pixel 10 Pro,94.615
Google Pixel 10 Pro,92.0207
Google Pixel 10 Pro,93.4896
Google Pixel 10 Pro,92.1102
Google Pixel 10 Pro,93.2776
Google Pixel 10 Pro,94.402
Google Pixel 10 Pro,92.9102
Google Pixel 10 Pro,94.5431
Google Pixel 10 Pro,93.2286
Google Pixel 10 Pro,92.6689
Google Pixel 10 Pro,93.3135
Google Pixel 10 Pro,92.2276
Google Pixel 10 Pro,92.3211
Google Pixel 10 Pro,93.6491
Google Pixel 10 Pro,91.7123
Google Pixel 10 Pro,90.9579
Google Pixel 10 Pro,93.2086
Google Pixel 10 Pro,91.5118
Google Pixel 10 Pro,91.9379
Google Pixel 10 Pro,95.6716
Google Pixel 10 Pro,94.174
Google Pixel 10 Pro,94.1538
Google Pixel 10 Pro,92.0997
Google Pixel 10 Pro,93.2327
Google Pixel 10 Pro,93.232
Google Pixel 10 Pro,93.8335
Google Pixel 10 Pro,92.6715
Google Pixel 10 Pro,92.4005
Google Pixel 10 Pro,93.4275
Google Pixel 10 Pro,93.6585
Google Pixel 10 Pro,92.175
Google Pixel 10 Pro,93.2291
Google Pixel 10 Pro,92.0838
Google Pixel 10 Pro,93.8003
Google Pixel 10 Pro,93.6622
Google Pixel 10 Pro,93.7229
Google Pixel 10 Pro,92.9852
Google Pixel 10 Pro,93.841
Google Pixel 10 Pro,93.4594
Google Pixel 10 Pro,95.0971
Google Pixel 10 Pro,92.3784
Google Pixel 10 Pro,93.8708
Google Pixel 10 Pro,92.6396
Google Pixel 10 Pro,91.7852
Google Pixel 10 Pro,93.088
Google Pixel 10 Pro,93.4082
Google Pixel 10 Pro,92.9533
Google Pixel 10 Pro,93.3077
Google Pixel 10 Pro,90.9086
Google Pixel 10 Pro,92.3447
Google Pixel 10 Pro,92.811
Google Pixel 10 Pro,92.8708
Google Pixel 10 Pro,94.0232
Google Pixel 10 Pro,92.7047
Google Pixel 10 Pro,92.6937
Google Pixel 10 Pro,92.9652
Google Pixel 10 Pro,92.5248
Google Pixel 10 Pro,91.3676
Google Pixel 10 Pro,92.421
Google Pixel 10 Pro,94.5782
Google Pixel 10 Pro,93.084
Google Pixel 10 Pro,92.2944
Google Pixel 10 Pro,92.4321
Google Pixel 10 Pro,92.6098
Google Pixel 10 Pro,91.3212
Google Pixel 10 Pro,90.0911
Google Pixel 10 Pro,92.5779
Google Pixel 10 Pro,92.6242
Google Pixel 10 Pro,92.9658
Google Pixel 10 Pro,91.835
Google Pixel 10 Pro,91.4763
Google Pixel 10 Pro,93.0366
Google Pixel 10 Pro,91.6925
Google Pixel 10 Pro,92.0912
Google Pixel 10 Pro,92.8781
Google Pixel 10 Pro,94.3967
Google Pixel 10 Pro,91.0275
Google Pixel 10 Pro,94.2585
Google Pixel 10 Pro,94.5633
Google Pixel 10 Pro,92.7099
Google Pixel 10 Pro,91.5425
Google Pixel 10 Pro,94.2615
Google Pixel 10 Pro,93.4421
Google Pixel 10 Pro,92.2653
Google Pixel 10 Pro,91.3892
Google Pixel 10 Pro,93.0227
Google Pixel 10 Pro,92.3821
Google Pixel 10 Pro,93.2467
Google Pixel 10 Pro,93.9828
Google Pixel 10 Pro,91.8058
Google Pixel 10 Pro,92.7631
Google Pixel 10 Pro,91.955
Google Pixel 10 Pro,92.6766
Google Pixel 10 Pro,90.8626
Google Pixel 10 Pro,95.3358
Google Pixel 10 Pro,92.6998
Google Pixel 10 Pro,94.8159
Google Pixel 10 Pro,93.464
Google Pixel 10 Pro,94.2831
Google Pixel 10 Pro,94.9374
Google Pixel 10 Pro,94.2456
Google Pixel 10 Pro,91.7596
Google Pixel 10 Pro,93.7609
Google Pixel 10 Pro,92.9278
Google Pixel 10 Pro,92.7949
Google Pixel 10 Pro,92.6657
Google Pixel 10 Pro,94.291
Google Pixel 10 Pro,91.731
Google Pixel 10 Pro,90.696
Google Pixel 10 Pro,93.4456
Google Pixel 10 Pro,92.9672
Google Pixel 10 Pro,93.0791
Google Pixel 10 Pro,93.7465
Google Pixel 10 Pro,91.9931
Google Pixel 10 Pro,92.219
Google Pixel 10 Pro,91.3545
Google Pixel 10 Pro,91.7448
Google Pixel 10 Pro,92.8335
Google Pixel 10 Pro,94.6277
Google Pixel 10 Pro,90.7602
Google Pixel 10 Pro,91.9482
Google Pixel 10 Pro,95.2355
Google Pixel 10 Pro,94.5717
Google Pixel 10 Pro,89.4597
Google Pixel 10 Pro,91.4965
Google Pixel 10 Pro,91.6909
Google Pixel 10 Pro,92.7697
Google Pixel 10 Pro,93.2408
Google Pixel 10 Pro,91.9437
Google Pixel 10 Pro,92.279
Google Pixel 10 Pro,93.0494
Google Pixel 10 Pro,91.5758
Google Pixel 10 Pro,94.031
Google Pixel 10 Pro,92.2415
Google Pixel 10 Pro,91.5951
Google Pixel 10 Pro,93.317
Google Pixel 10 Pro,93.3267
Google Pixel 10 Pro,92.6098
Google Pixel 10 Pro,92.6098
Google Pixel 10 Pro,93.6329
Google Pixel 10 Pro,92.1338
Google Pixel 10 Pro,93.4818
Google Pixel 10 Pro,92.0645
Google Pixel 10 Pro,93.3208
Google Pixel 10 Pro,92.7142
Google Pixel 10 Pro,93.8377
Google Pixel 10 Pro,91.8044
Google Pixel 10 Pro,93.727
Google Pixel 10 Pro,93.771
Google Pixel 10 Pro,94.1669
Google Pixel 10 Pro,92.6904
Google Pixel 10 Pro,92.3382
Google Pixel 10 Pro,91.7971
Google Pixel 10 Pro,94.3949
Google Pixel 10 Pro,94.2436
Google Pixel 10 Pro,93.757
Google Pixel 10 Pro,93.8189
Google Pixel 10 Pro,91.2101
Google Pixel 10 Pro,93.1746
Google Pixel 10 Pro,92.4001
Google Pixel 10 Pro,94.0625
Google Pixel 10 Pro,92.9761
Google Pixel 10 Pro,93.4592
Google Pixel 10 Pro,91.7569
Google Pixel 10 Pro,92.8789
Google Pixel 10 Pro,92.2272
Google Pixel 10 Pro,92.8088
Google Pixel 10 Pro,92.463
Google Pixel 10 Pro,91.7
Google Pixel 10 Pro,93.4474
Google Pixel 10 Pro,93.1256
Google Pixel 10 Pro,92.4746
Google Pixel 10 Pro,91.3677
Google Pixel 10 Pro,91.6268
Google Pixel 10 Pro,92.8475
Google Pixel 10 Pro,93.2663
Google Pixel 10 Pro,92.5989
Google Pixel 10 Pro,94.395
Google Pixel 10 Pro,93.1807
Google Pixel 10 Pro,94.0801
Google Pixel 10 Pro,91.5368
Google Pixel 10 Pro,91.8015
Google Pixel 10 Pro,92.0748
Google Pixel 10 Pro,92.0963
Google Pixel 10 Pro,92.7466
Google Pixel 10 Pro,92.04
Google Pixel 10 Pro,93.743
Google Pixel 10 Pro,91.7225
Google Pixel 10 Pro,90.5646
Google Pixel 10 Pro,94.6758
Google Pixel 10 Pro,92.0365
Google Pixel 10 Pro,92.6038
Google Pixel 10 Pro,92.0196
Google Pixel 10 Pro,93.3257
Google Pixel 10 Pro,93.1755
Google Pixel 10 Pro,91.9638
Google Pixel 10 Pro,91.0143
Google Pixel 10 Pro,92.2638
Google Pixel 10 Pro,92.574
Google Pixel 10 Pro,91.4137
Google Pixel 10 Pro,91.9565
Google Pixel 10 Pro,93.5143
Google Pixel 10 Pro,93.1117
Google Pixel 10 Pro,93.2306
Google Pixel 10 Pro,93.583
Google Pixel 10 Pro,92.8393
Google Pixel 10 Pro,92.1808
Google Pixel 10 Pro,93.7739
Google Pixel 10 Pro,93.7933
Google Pixel 10 Pro,92.1556
Google Pixel 10 Pro,94.139
Google Pixel 10 Pro,91.8868
Google Pixel 10 Pro,93.0958
Google Pixel 10 Pro,94.1307
Google Pixel 10 Pro,92.5818
Google Pixel 10 Pro,92.2855
Google Pixel 10 Pro,94.1385
Google Pixel 10 Pro,91.5098
Google Pixel 10 Pro,93.1769
Google Pixel 10 Pro,93.138
Google Pixel 10 Pro,92.3203
Google Pixel 10 Pro,91.4949
Google Pixel 10 Pro,92.58
Google Pixel 10 Pro,92.3125
Google Pixel 10 Pro,92.9131
Google Pixel 10 Pro,93.6047
Google Pixel 10 Pro,92.5075
Google Pixel 10 Pro,92.0543
Google Pixel 10 Pro,91.5215
Google Pixel 10 Pro,92.367
Google Pixel 10 Pro,91.6059
Google Pixel 10 Pro,92.2572
Google Pixel 10 Pro,92.967
Google Pixel 10 Pro,93.1024
Google Pixel 10 Pro,93.6098
Google Pixel 10 Pro,92.2957
Google Pixel 10 Pro,91.789
Google Pixel 10 Pro,93.4792
Google Pixel 10 Pro,91.5925
Google Pixel 10 Pro,91.8402
Google Pixel 10 Pro,93.0982
Google Pixel 10 Pro,93.0909
Google Pixel 10 Pro,93.7961
Google Pixel 10 Pro,92.3895
Google Pixel 10 Pro,91.0839
Google Pixel 10 Pro,91.2406
Google Pixel 10 Pro,93.0097
Google Pixel 10 Pro,91.6306
Google Pixel 10 Pro,93.4059
Google Pixel 10 Pro,90.5349
Google Pixel 10 Pro,93.089
Google Pixel 10 Pro,91.6377
Google Pixel 10 Pro,93.8242
Google Pixel 10 Pro,93.7029
Google Pixel 10 Pro,94.3271
Google Pixel 10 Pro,89.9466
Google Pixel 10 Pro,94.4603
Google Pixel 10 Pro,94.1644
Google Pixel 10 Pro,94.0244
Google Pixel 10 Pro,90.5757
Google Pixel 10 Pro,93.8725
Google Pixel 10 Pro,92.5355
Google Pixel 10 Pro,91.1175
Google Pixel 10 Pro,91.9548
Google Pixel 10 Pro,89.9703
Google Pixel 10 Pro,94.3498
Google Pixel 10 Pro,92.4038
Google Pixel 10 Pro,91.8212
Google Pixel 10 Pro,92.9592
Google Pixel 10 Pro,92.3278
Google Pixel 10 Pro,93.9744
Google Pixel 10 Pro,93.6378
Google Pixel 10 Pro,94.0419
Google Pixel 10 Pro,92.8946
Google Pixel 10 Pro,91.4462
Google Pixel 10 Pro,91.5902
Google Pixel 10 Pro,92.8729
Google Pixel 10 Pro,93.2085
Google Pixel 10 Pro,93.1024
Google Pixel 10 Pro,93.023
Google Pixel 10 Pro,92.5368
Google Pixel 10 Pro,92.2665
Google Pixel 10 Pro,93.3236
Google Pixel 10 Pro,94.3621
Google Pixel 10 Pro,92.7626
Google Pixel 10 Pro,95.2902
Google Pixel 10 Pro,93.0215
Google Pixel 10 Pro,93.5493
Google Pixel 10 Pro,92.0939
Google Pixel 10 Pro,93.5568
Google Pixel 10 Pro,89.3711
Google Pixel 10 Pro,93.3282
Google Pixel 10 Pro,90.4306
Google Pixel 10 Pro,94.9641
Google Pixel 10 Pro,91.3203
Google Pixel 10 Pro,91.9637
Google Pixel 10 Pro,94.8275
Google Pixel 10 Pro,91.8552
Google Pixel 10 Pro,92.2935
Google Pixel 10 Pro,93.2689
Google Pixel 10 Pro,93.3951
Google Pixel 10 Pro,92.6382
Google Pixel 10 Pro,92.971
Google Pixel 10 Pro,90.3611
Google Pixel 10 Pro,94.6948
Google Pixel 10 Pro,93.0363
Google Pixel 10 Pro,92.9448
Google Pixel 10 Pro,94.3805
Google Pixel 10 Pro,92.7345
Google Pixel 10 Pro,92.5732
Google Pixel 10 Pro,93.9389
Google Pixel 10 Pro,92.9597
Google Pixel 10 Pro,93.6331
Google Pixel 10 Pro,94.5047
Google Pixel 10 Pro,92.4999
Google Pixel 10 Pro,93.2415
Google Pixel 10 Pro,93.0314
Google Pixel 10 Pro,92.0162
Google Pixel 10 Pro,90.9672
Google Pixel 10 Pro,93.6006
Google Pixel 10 Pro,91.3962
Google Pixel 10 Pro,94.0269
Google Pixel 10 Pro,93.179
Google Pixel 10 Pro,93.8326
Google Pixel 10 Pro,91.7927
Google Pixel 10 Pro,92.3213
Google Pixel 10 Pro,93.7669
Google Pixel 10 Pro,93.0995
Google Pixel 10 Pro,93.7958
Google Pixel 10 Pro,94.1308
Google Pixel 10 Pro,92.5364
Google Pixel 10 Pro,92.6409
Google Pixel 10 Pro,92.1059
Google Pixel 10 Pro,90.2663
Google Pixel 10 Pro,93.4001
Google Pixel 10 Pro,93.7043
Google Pixel 10 Pro,93.8759
Google Pixel 10 Pro,93.4913
Google Pixel 10 Pro,93.0478
Google Pixel 10 Pro,93.0905
Google Pixel 10 Pro,92.2641
Google Pixel 10 Pro,95.2454
Google Pixel 10 Pro,93.7583
Google Pixel 10 Pro,92.801
Google Pixel 10 Pro,90.9595
Google Pixel 10 Pro,92.1768
Google Pixel 10 Pro,92.836
Google Pixel 10 Pro,94.1557
Google Pixel 10 Pro,93.1903
Google Pixel 10 Pro,91.2317
Google Pixel 10 Pro,92.4585
Google Pixel 10 Pro,92.7273
Google Pixel 10 Pro,94.0932
Google Pixel 10 Pro,92.3469
Google Pixel 10 Pro,93.4351
Google Pixel 10 Pro,92.5055
Google Pixel 10 Pro,91.9081
Google Pixel 10 Pro,94.3736
Google Pixel 10 Pro,94.1429
Google Pixel 10 Pro,93.3905
Google Pixel 10 Pro,91.9496
Google Pixel 10 Pro,92.5803
Google Pixel 10 Pro,91.5869
Google Pixel 10 Pro,91.4937
Google Pixel 10 Pro,93.1228
Google Pixel 10 Pro,94.0852
Google Pixel 10 Pro,94.3375
Google Pixel 10 Pro,91.7315
Google Pixel 10 Pro,92.497
Google Pixel 10 Pro,91.8789
Google Pixel 10 Pro,92.5783
Google Pixel 10 Pro,92.3317
Google Pixel 10 Pro,93.0551
Google Pixel 10 Pro,92.7457
Samsung Galaxy S26 Ultra,92.4521
Samsung Galaxy S26 Ultra,94.7011
Samsung Galaxy S26 Ultra,91.6045
Samsung Galaxy S26 Ultra,91.5718
Samsung Galaxy S26 Ultra,90.5837
Samsung Galaxy S26 Ultra,92.2634
Samsung Galaxy S26 Ultra,93.8058
Samsung Galaxy S26 Ultra,91.8108
Samsung Galaxy S26 Ultra,92.5901
Samsung Galaxy S26 Ultra,92.7164
Samsung Galaxy S26 Ultra,91.936
Samsung Galaxy S26 Ultra,92.8918
Samsung Galaxy S26 Ultra,91.0545
Samsung Galaxy S26 Ultra,92.7161
Samsung Galaxy S26 Ultra,92.0712
Samsung Galaxy S26 Ultra,93.5657
Samsung Galaxy S26 Ultra,92.5711
Samsung Galaxy S26 Ultra,92.5582
Samsung Galaxy S26 Ultra,93.2617
Samsung Galaxy S26 Ultra,89.956
Samsung Galaxy S26 Ultra,92.5642
Samsung Galaxy S26 Ultra,90.5273
Samsung Galaxy S26 Ultra,88.6166
Samsung Galaxy S26 Ultra,93.2476
Samsung Galaxy S26 Ultra,90.8532
Samsung Galaxy S26 Ultra,93.1297
Samsung Galaxy S26 Ultra,90.7787
Samsung Galaxy S26 Ultra,93.5033
Samsung Galaxy S26 Ultra,93.1569
Samsung Galaxy S26 Ultra,94.0412
Samsung Galaxy S26 Ultra,93.3911
Samsung Galaxy S26 Ultra,91.8368
Samsung Galaxy S26 Ultra,93.3018
Samsung Galaxy S26 Ultra,92.8007
Samsung Galaxy S26 Ultra,93.3531
Samsung Galaxy S26 Ultra,92.3364
Samsung Galaxy S26 Ultra,90.471
Samsung Galaxy S26 Ultra,92.9706
Samsung Galaxy S26 Ultra,92.3771
Samsung Galaxy S26 Ultra,91.9109
Samsung Galaxy S26 Ultra,91.6048
Samsung Galaxy S26 Ultra,93.5816
Samsung Galaxy S26 Ultra,90.8767
Samsung Galaxy S26 Ultra,94.3278
Samsung Galaxy S26 Ultra,91.9029
Samsung Galaxy S26 Ultra,93.4168
Samsung Galaxy S26 Ultra,93.1517
Samsung Galaxy S26 Ultra,91.4194
Samsung Galaxy S26 Ultra,90.9262
Samsung Galaxy S26 Ultra,93.0748
Samsung Galaxy S26 Ultra,90.8535
Samsung Galaxy S26 Ultra,91.7261
Samsung Galaxy S26 Ultra,93.8919
Samsung Galaxy S26 Ultra,91.9431
Samsung Galaxy S26 Ultra,93.3838
Samsung Galaxy S26 Ultra,92.6509
Samsung Galaxy S26 Ultra,92.5764
Samsung Galaxy S26 Ultra,92.9642
Samsung Galaxy S26 Ultra,92.4915
Samsung Galaxy S26 Ultra,92.5402
Samsung Galaxy S26 Ultra,92.5292
Samsung Galaxy S26 Ultra,92.1377
Samsung Galaxy S26 Ultra,93.7362
Samsung Galaxy S26 Ultra,92.3416
Samsung Galaxy S26 Ultra,93.5374
Samsung Galaxy S26 Ultra,91.8801
Samsung Galaxy S26 Ultra,92.9046
Samsung Galaxy S26 Ultra,92.3348
Samsung Galaxy S26 Ultra,91.5509
Samsung Galaxy S26 Ultra,93.7974
Samsung Galaxy S26 Ultra,94.0703
Samsung Galaxy S26 Ultra,92.7664
Samsung Galaxy S26 Ultra,90.0508
Samsung Galaxy S26 Ultra,91.8157
Samsung Galaxy S26 Ultra,91.6708
Samsung Galaxy S26 Ultra,91.025
Samsung Galaxy S26 Ultra,93.2953
Samsung Galaxy S26 Ultra,91.7333
Samsung Galaxy S26 Ultra,91.9445
Samsung Galaxy S26 Ultra,91.4855
Samsung Galaxy S26 Ultra,93.0724
Samsung Galaxy S26 Ultra,91.6656
Samsung Galaxy S26 Ultra,90.5806
Samsung Galaxy S26 Ultra,93.4578
Samsung Galaxy S26 Ultra,91.2607
Samsung Galaxy S26 Ultra,92.8565
Samsung Galaxy S26 Ultra,91.2541
Samsung Galaxy S26 Ultra,92.1764
Samsung Galaxy S26 Ultra,92.441
Samsung Galaxy S26 Ultra,93.0109
Samsung Galaxy S26 Ultra,92.2176
Samsung Galaxy S26 Ultra,93.9387
Samsung Galaxy S26 Ultra,92.8782
Samsung Galaxy S26 Ultra,91.9285
Samsung Galaxy S26 Ultra,92.0872
Samsung Galaxy S26 Ultra,94.6231
Samsung Galaxy S26 Ultra,90.5902
Samsung Galaxy S26 Ultra,91.7196
Samsung Galaxy S26 Ultra,93.1915
Samsung Galaxy S26 Ultra,90.865
Samsung Galaxy S26 Ultra,91.2993
Samsung Galaxy S26 Ultra,92.3459
Samsung Galaxy S26 Ultra,92.4574
Samsung Galaxy S26 Ultra,90.7764
Samsung Galaxy S26 Ultra,94.7315
Samsung Galaxy S26 Ultra,92.0742
Samsung Galaxy S26 Ultra,93.9114
Samsung Galaxy S26 Ultra,92.0351
Samsung Galaxy S26 Ultra,91.2289
Samsung Galaxy S26 Ultra,92.7289
Samsung Galaxy S26 Ultra,90.9398
Samsung Galaxy S26 Ultra,91.0724
Samsung Galaxy S26 Ultra,92.9152
Samsung Galaxy S26 Ultra,91.0556
Samsung Galaxy S26 Ultra,92.48
Samsung Galaxy S26 Ultra,92.2684
Samsung Galaxy S26 Ultra,93.7707
Samsung Galaxy S26 Ultra,92.3888
Samsung Galaxy S26 Ultra,94.7887
Samsung Galaxy S26 Ultra,91.5919
Samsung Galaxy S26 Ultra,90.8863
Samsung Galaxy S26 Ultra,93.8355
Samsung Galaxy S26 Ultra,92.8503
Samsung Galaxy S26 Ultra,91.0511
Samsung Galaxy S26 Ultra,90.6874
Samsung Galaxy S26 Ultra,91.5753
Samsung Galaxy S26 Ultra,94.4595
Samsung Galaxy S26 Ultra,91.1437
Samsung Galaxy S26 Ultra,89.2628
Samsung Galaxy S26 Ultra,92.4429
Samsung Galaxy S26 Ultra,92.0671
Samsung Galaxy S26 Ultra,92.7957
Samsung Galaxy S26 Ultra,93.3838
Samsung Galaxy S26 Ultra,92.5507
Samsung Galaxy S26 Ultra,91.714
Samsung Galaxy S26 Ultra,90.4667
Samsung Galaxy S26 Ultra,91.8866
Samsung Galaxy S26 Ultra,93.2038
Samsung Galaxy S26 Ultra,91.8009
Samsung Galaxy S26 Ultra,92.5708
Samsung Galaxy S26 Ultra,91.1132
Samsung Galaxy S26 Ultra,91.7235
Samsung Galaxy S26 Ultra,90.0251
Samsung Galaxy S26 Ultra,92.441
Samsung Galaxy S26 Ultra,91.171
Samsung Galaxy S26 Ultra,92.4283
Samsung Galaxy S26 Ultra,92.7642
Samsung Galaxy S26 Ultra,90.1378
Samsung Galaxy S26 Ultra,92.79
Samsung Galaxy S26 Ultra,93.5021
Samsung Galaxy S26 Ultra,93.4189
Samsung Galaxy S26 Ultra,94.9909
Samsung Galaxy S26 Ultra,91.0815
Samsung Galaxy S26 Ultra,92.7247
Samsung Galaxy S26 Ultra,92.8364
Samsung Galaxy S26 Ultra,92.2659
Samsung Galaxy S26 Ultra,94.7666
Samsung Galaxy S26 Ultra,92.8325
Samsung Galaxy S26 Ultra,91.5932
Samsung Galaxy S26 Ultra,92.6984
Samsung Galaxy S26 Ultra,92.3202
Samsung Galaxy S26 Ultra,94.4346
Samsung Galaxy S26 Ultra,92.8299
Samsung Galaxy S26 Ultra,91.0845
Samsung Galaxy S26 Ultra,91.5892
Samsung Galaxy S26 Ultra,93.3369
Samsung Galaxy S26 Ultra,91.1797
Samsung Galaxy S26 Ultra,92.3595
Samsung Galaxy S26 Ultra,92.9339
Samsung Galaxy S26 Ultra,91.8045
Samsung Galaxy S26 Ultra,93.9961
Samsung Galaxy S26 Ultra,92.1228
Samsung Galaxy S26 Ultra,91.9356
Samsung Galaxy S26 Ultra,91.8724
Samsung Galaxy S26 Ultra,90.5358
Samsung Galaxy S26 Ultra,93.2461
Samsung Galaxy S26 Ultra,91.429
Samsung Galaxy S26 Ultra,91.381
Samsung Galaxy S26 Ultra,93.5159
Samsung Galaxy S26 Ultra,91.1659
Samsung Galaxy S26 Ultra,92.9106
Samsung Galaxy S26 Ultra,93.0748
Samsung Galaxy S26 Ultra,91.7614
Samsung Galaxy S26 Ultra,92.5823
Samsung Galaxy S26 Ultra,89.9496
Samsung Galaxy S26 Ultra,91.5559
Samsung Galaxy S26 Ultra,93.2427
Samsung Galaxy S26 Ultra,90.2478
Samsung Galaxy S26 Ultra,93.773
Samsung Galaxy S26 Ultra,91.399
Samsung Galaxy S26 Ultra,91.3799
Samsung Galaxy S26 Ultra,92.337
Samsung Galaxy S26 Ultra,90.9739
Samsung Galaxy S26 Ultra,93.5074
Samsung Galaxy S26 Ultra,91.1192
Samsung Galaxy S26 Ultra,94.5955
Samsung Galaxy S26 Ultra,93.0005
Samsung Galaxy S26 Ultra,92.2412
Samsung Galaxy S26 Ultra,90.5611
Samsung Galaxy S26 Ultra,92.675
Samsung Galaxy S26 Ultra,91.3042
Samsung Galaxy S26 Ultra,93.547
Samsung Galaxy S26 Ultra,90.7196
Samsung Galaxy S26 Ultra,92.4697
Samsung Galaxy S26 Ultra,92.0957
Samsung Galaxy S26 Ultra,92.882
Samsung Galaxy S26 Ultra,91.6267
Samsung Galaxy S26 Ultra,92.4439
Samsung Galaxy S26 Ultra,91.551
Samsung Galaxy S26 Ultra,91.2222
Samsung Galaxy S26 Ultra,94.1039
Samsung Galaxy S26 Ultra,91.6954
Samsung Galaxy S26 Ultra,93.3833
Samsung Galaxy S26 Ultra,92.6322
Samsung Galaxy S26 Ultra,93.9335
Samsung Galaxy S26 Ultra,92.2779
Samsung Galaxy S26 Ultra,92.6509
Samsung Galaxy S26 Ultra,92.4514
Samsung Galaxy S26 Ultra,91.3429
Samsung Galaxy S26 Ultra,89.1187
Samsung Galaxy S26 Ultra,91.3643
Samsung Galaxy S26 Ultra,91.3455
Samsung Galaxy S26 Ultra,92.5784
Samsung Galaxy S26 Ultra,93.9423
Samsung Galaxy S26 Ultra,93.5591
Samsung Galaxy S26 Ultra,92.4195
Samsung Galaxy S26 Ultra,90.5079
Samsung Galaxy S26 Ultra,92.7265
Samsung Galaxy S26 Ultra,92.6897
Samsung Galaxy S26 Ultra,91.6489
Samsung Galaxy S26 Ultra,91.6279
Samsung Galaxy S26 Ultra,92.7199
Samsung Galaxy S26 Ultra,92.7598
Samsung Galaxy S26 Ultra,91.6628
Samsung Galaxy S26 Ultra,93.2232
Samsung Galaxy S26 Ultra,91.8388
Samsung Galaxy S26 Ultra,93.6178
Samsung Galaxy S26 Ultra,92.3908
Samsung Galaxy S26 Ultra,90.7822
Samsung Galaxy S26 Ultra,93.6175
Samsung Galaxy S26 Ultra,91.7542
Samsung Galaxy S26 Ultra,91.3552
Samsung Galaxy S26 Ultra,91.9542
Samsung Galaxy S26 Ultra,91.558
Samsung Galaxy S26 Ultra,91.9303
Samsung Galaxy S26 Ultra,91.6949
Samsung Galaxy S26 Ultra,92.7233
Samsung Galaxy S26 Ultra,89.1588
Samsung Galaxy S26 Ultra,92.0402
Samsung Galaxy S26 Ultra,92.8779
Samsung Galaxy S26 Ultra,90.2758
Samsung Galaxy S26 Ultra,90.9123
Samsung Galaxy S26 Ultra,91.2928
Samsung Galaxy S26 Ultra,91.5257
Samsung Galaxy S26 Ultra,92.9834
Samsung Galaxy S26 Ultra,90.6464
Samsung Galaxy S26 Ultra,91.7196
Samsung Galaxy S26 Ultra,89.9928
Samsung Galaxy S26 Ultra,91.8619
Samsung Galaxy S26 Ultra,92.4886
Samsung Galaxy S26 Ultra,93.4667
Samsung Galaxy S26 Ultra,92.2801
Samsung Galaxy S26 Ultra,93.5811
Samsung Galaxy S26 Ultra,94.1909
Samsung Galaxy S26 Ultra,93.0684
Samsung Galaxy S26 Ultra,94.0376
Samsung Galaxy S26 Ultra,93.5406
Samsung Galaxy S26 Ultra,92.2078
Samsung Galaxy S26 Ultra,93.3553
Samsung Galaxy S26 Ultra,92.9687
Samsung Galaxy S26 Ultra,92.4919
Samsung Galaxy S26 Ultra,92.6494
Samsung Galaxy S26 Ultra,91.2625
Samsung Galaxy S26 Ultra,91.9737
Samsung Galaxy S26 Ultra,93.2581
Samsung Galaxy S26 Ultra,91.2635
Samsung Galaxy S26 Ultra,91.1668
Samsung Galaxy S26 Ultra,90.6596
Samsung Galaxy S26 Ultra,92.094
Samsung Galaxy S26 Ultra,90.956
Samsung Galaxy S26 Ultra,93.1388
Samsung Galaxy S26 Ultra,90.1039
Samsung Galaxy S26 Ultra,93.5395
Samsung Galaxy S26 Ultra,90.4258
Samsung Galaxy S26 Ultra,90.8858
Samsung Galaxy S26 Ultra,91.4401
Samsung Galaxy S26 Ultra,90.1426
Samsung Galaxy S26 Ultra,89.6452
Samsung Galaxy S26 Ultra,89.8572
Samsung Galaxy S26 Ultra,92.5456
Samsung Galaxy S26 Ultra,91.2448
Samsung Galaxy S26 Ultra,91.7549
Samsung Galaxy S26 Ultra,92.3643
Samsung Galaxy S26 Ultra,91.6079
Samsung Galaxy S26 Ultra,91.0203
Samsung Galaxy S26 Ultra,92.2535
Samsung Galaxy S26 Ultra,90.3872
Samsung Galaxy S26 Ultra,93.1302
Samsung Galaxy S26 Ultra,92.2935
Samsung Galaxy S26 Ultra,95.0288
Samsung Galaxy S26 Ultra,91.4426
Samsung Galaxy S26 Ultra,91.962
Samsung Galaxy S26 Ultra,91.6891
Samsung Galaxy S26 Ultra,90.7676
Samsung Galaxy S26 Ultra,91.8341
Samsung Galaxy S26 Ultra,89.9698
Samsung Galaxy S26 Ultra,94.2765
Samsung Galaxy S26 Ultra,92.9053
Samsung Galaxy S26 Ultra,92.5194
Samsung Galaxy S26 Ultra,91.0873
Samsung Galaxy S26 Ultra,92.3771
Samsung Galaxy S26 Ultra,91.899
Samsung Galaxy S26 Ultra,92.3611
Samsung Galaxy S26 Ultra,90.9524
Samsung Galaxy S26 Ultra,92.1428
Samsung Galaxy S26 Ultra,91.0415
Samsung Galaxy S26 Ultra,94.0665
Samsung Galaxy S26 Ultra,91.5096
Samsung Galaxy S26 Ultra,93.3711
Samsung Galaxy S26 Ultra,92.3524
Samsung Galaxy S26 Ultra,91.5443
Samsung Galaxy S26 Ultra,92.4675
Samsung Galaxy S26 Ultra,92.5409
Samsung Galaxy S26 Ultra,91.0477
Samsung Galaxy S26 Ultra,93.4291
Samsung Galaxy S26 Ultra,91.1697
Samsung Galaxy S26 Ultra,93.9116
Samsung Galaxy S26 Ultra,93.0957
Samsung Galaxy S26 Ultra,92.4418
Samsung Galaxy S26 Ultra,93.8792
Samsung Galaxy S26 Ultra,92.9608
Samsung Galaxy S26 Ultra,91.1835
Samsung Galaxy S26 Ultra,93.2467
Samsung Galaxy S26 Ultra,92.9978
Samsung Galaxy S26 Ultra,92.5018
Samsung Galaxy S26 Ultra,92.5798
Samsung Galaxy S26 Ultra,92.2994
Samsung Galaxy S26 Ultra,92.2918
Samsung Galaxy S26 Ultra,94.2693
Samsung Galaxy S26 Ultra,91.8374
Samsung Galaxy S26 Ultra,92.5205
Samsung Galaxy S26 Ultra,93.5543
Samsung Galaxy S26 Ultra,94.0917
Samsung Galaxy S26 Ultra,93.0653
Samsung Galaxy S26 Ultra,93.307
Samsung Galaxy S26 Ultra,90.8111
Samsung Galaxy S26 Ultra,93.0301
Samsung Galaxy S26 Ultra,91.0526
Samsung Galaxy S26 Ultra,93.4792
Samsung Galaxy S26 Ultra,89.9107
Samsung Galaxy S26 Ultra,92.779
Samsung Galaxy S26 Ultra,89.3175
Samsung Galaxy S26 Ultra,92.4958
Samsung Galaxy S26 Ultra,92.5017
Samsung Galaxy S26 Ultra,93.949
Samsung Galaxy S26 Ultra,91.9991
Samsung Galaxy S26 Ultra,91.4192
Samsung Galaxy S26 Ultra,92.7626
Samsung Galaxy S26 Ultra,94.0722
Samsung Galaxy S26 Ultra,92.0547
Samsung Galaxy S26 Ultra,91.6039
Samsung Galaxy S26 Ultra,92.4591
Samsung Galaxy S26 Ultra,94.6259
Samsung Galaxy S26 Ultra,91.2215
Samsung Galaxy S26 Ultra,89.934
Samsung Galaxy S26 Ultra,92.6771
Samsung Galaxy S26 Ultra,93.0762
Samsung Galaxy S26 Ultra,91.7844
Samsung Galaxy S26 Ultra,92.6383
Samsung Galaxy S26 Ultra,91.7784
Samsung Galaxy S26 Ultra,92.6769
Samsung Galaxy S26 Ultra,91.2083
Samsung Galaxy S26 Ultra,93.5919
Samsung Galaxy S26 Ultra,93.2165
Samsung Galaxy S26 Ultra,91.4235
Samsung Galaxy S26 Ultra,93.752
Samsung Galaxy S26 Ultra,93.0178
Samsung Galaxy S26 Ultra,92.9352
Samsung Galaxy S26 Ultra,91.7885
Samsung Galaxy S26 Ultra,93.2113
Samsung Galaxy S26 Ultra,91.2622
Samsung Galaxy S26 Ultra,93.1356
Samsung Galaxy S26 Ultra,92.8084
Samsung Galaxy S26 Ultra,91.8091
Samsung Galaxy S26 Ultra,93.1434
Samsung Galaxy S26 Ultra,92.3197
Samsung Galaxy S26 Ultra,93.2049
Samsung Galaxy S26 Ultra,92.9021
Samsung Galaxy S26 Ultra,91.8741
Samsung Galaxy S26 Ultra,90.0413
Samsung Galaxy S26 Ultra,91.0004
Samsung Galaxy S26 Ultra,92.5067
Samsung Galaxy S26 Ultra,91.2312
Samsung Galaxy S26 Ultra,92.4311
Samsung Galaxy S26 Ultra,91.1622
Samsung Galaxy S26 Ultra,93.8766
Samsung Galaxy S26 Ultra,93.8514
Samsung Galaxy S26 Ultra,92.0195
Samsung Galaxy S26 Ultra,91.5971
Samsung Galaxy S26 Ultra,92.6924
Samsung Galaxy S26 Ultra,91.7088
Samsung Galaxy S26 Ultra,91.7959
Samsung Galaxy S26 Ultra,91.4341
Samsung Galaxy S26 Ultra,93.6426
Samsung Galaxy S26 Ultra,92.2251
Samsung Galaxy S26 Ultra,92.1317
Samsung Galaxy S26 Ultra,92.5075
Samsung Galaxy S26 Ultra,92.5922
Samsung Galaxy S26 Ultra,93.5063
Samsung Galaxy S26 Ultra,92.2668
Samsung Galaxy S26 Ultra,92.5961
Samsung Galaxy S26 Ultra,92.5389
Samsung Galaxy S26 Ultra,91.7655
Samsung Galaxy S26 Ultra,92.3227
Samsung Galaxy S26 Ultra,94.7618
Samsung Galaxy S26 Ultra,94.4785
Samsung Galaxy S26 Ultra,92.4706
Samsung Galaxy S26 Ultra,91.9485
Samsung Galaxy S26 Ultra,93.3453
Samsung Galaxy S26 Ultra,91.2177
Samsung Galaxy S26 Ultra,90.6987
Samsung Galaxy S26 Ultra,92.3305
Samsung Galaxy S26 Ultra,93.1248
Samsung Galaxy S26 Ultra,91.2315
Samsung Galaxy S26 Ultra,91.9045
Samsung Galaxy S26 Ultra,91.6611
Samsung Galaxy S26 Ultra,91.2844
Samsung Galaxy S26 Ultra,91.4968
Samsung Galaxy S26 Ultra,92.4008
Samsung Galaxy S26 Ultra,90.3954
Samsung Galaxy S26 Ultra,90.9652
Samsung Galaxy S26 Ultra,92.8915
Samsung Galaxy S26 Ultra,93.8025
Samsung Galaxy S26 Ultra,92.2424
Samsung Galaxy S26 Ultra,91.4984
Samsung Galaxy S26 Ultra,92.4672
Samsung Galaxy S26 Ultra,93.5964
Samsung Galaxy S26 Ultra,91.582
Samsung Galaxy S26 Ultra,92.8172
Samsung Galaxy S26 Ultra,91.1759
Samsung Galaxy S26 Ultra,93.1607
Samsung Galaxy S26 Ultra,92.6902
Samsung Galaxy S26 Ultra,92.1208
Samsung Galaxy S26 Ultra,92.5367
Samsung Galaxy S26 Ultra,93.8052
Samsung Galaxy S26 Ultra,93.3816
Samsung Galaxy S26 Ultra,93.1334
Samsung Galaxy S26 Ultra,92.7112
Samsung Galaxy S26 Ultra,91.3201
Samsung Galaxy S26 Ultra,89.9551
Samsung Galaxy S26 Ultra,92.0445
Samsung Galaxy S26 Ultra,91.7414
Samsung Galaxy S26 Ultra,90.4304
Samsung Galaxy S26 Ultra,93.7906
Samsung Galaxy S26 Ultra,92.0361
Samsung Galaxy S26 Ultra,93.3528
Samsung Galaxy S26 Ultra,91.118
Samsung Galaxy S26 Ultra,92.3265
Samsung Galaxy S26 Ultra,92.2494
Samsung Galaxy S26 Ultra,91.7836
Samsung Galaxy S26 Ultra,93.1394
Samsung Galaxy S26 Ultra,91.092
Samsung Galaxy S26 Ultra,88.6718
Samsung Galaxy S26 Ultra,91.9771
Samsung Galaxy S26 Ultra,93.3006
Samsung Galaxy S26 Ultra,92.2013
Samsung Galaxy S26 Ultra,93.7615
Samsung Galaxy S26 Ultra,92.9782
Samsung Galaxy S26 Ultra,91.5708
Samsung Galaxy S26 Ultra,92.5812
Samsung Galaxy S26 Ultra,92.205
Samsung Galaxy S26 Ultra,92.2258
Samsung Galaxy S26 Ultra,91.5197
Samsung Galaxy S26 Ultra,89.6587
Samsung Galaxy S26 Ultra,91.9065
Samsung Galaxy S26 Ultra,91.999
Samsung Galaxy S26 Ultra,92.6367
Samsung Galaxy S26 Ultra,91.4233
Samsung Galaxy S26 Ultra,91.2879
Samsung Galaxy S26 Ultra,91.6938
Samsung Galaxy S26 Ultra,92.5095
Samsung Galaxy S26 Ultra,93.0653
Samsung Galaxy S26 Ultra,92.5462
Samsung Galaxy S26 Ultra,90.9796
Samsung Galaxy S26 Ultra,92.9259
Samsung Galaxy S26 Ultra,92.8331
Samsung Galaxy S26 Ultra,91.5725
Samsung Galaxy S26 Ultra,91.2771
Samsung Galaxy S26 Ultra,92.159
Samsung Galaxy S26 Ultra,91.9306
Samsung Galaxy S26 Ultra,90.6263
Samsung Galaxy S26 Ultra,89.7076
Samsung Galaxy S26 Ultra,91.7686
Samsung Galaxy S26 Ultra,92.7107
Samsung Galaxy S26 Ultra,91.2771
Samsung Galaxy S26 Ultra,91.5126
Samsung Galaxy S26 Ultra,93.2872
Samsung Galaxy S26 Ultra,92.6848
Samsung Galaxy S26 Ultra,90.6377
Samsung Galaxy S26 Ultra,93.0395
Samsung Galaxy S26 Ultra,92.0883
Samsung Galaxy S26 Ultra,92.3948
Samsung Galaxy S26 Ultra,91.4209
Samsung Galaxy S26 Ultra,90.9374
Samsung Galaxy S26 Ultra,92.0368
Samsung Galaxy S26 Ultra,92.8417
Samsung Galaxy S26 Ultra,93.1676
Samsung Galaxy S26 Ultra,90.622
Samsung Galaxy S26 Ultra,93.6422
Samsung Galaxy S26 Ultra,93.4599
Samsung Galaxy S26 Ultra,91.4784
Samsung Galaxy S26 Ultra,90.6258
Samsung Galaxy S26 Ultra,92.7412
Samsung Galaxy S26 Ultra,91.1698
Samsung Galaxy S26 Ultra,90.648
Samsung Galaxy S26 Ultra,92.4527
Samsung Galaxy S26 Ultra,92.1186
Samsung Galaxy S26 Ultra,90.2145
Samsung Galaxy S26 Ultra,92.7192
Samsung Galaxy S26 Ultra,90.9543
Samsung Galaxy S26 Ultra,93.3979
Samsung Galaxy S26 Ultra,92.1799
Samsung Galaxy S26 Ultra,92.1063
Samsung Galaxy S26 Ultra,92.3942
Samsung Galaxy S26 Ultra,92.2947
Samsung Galaxy S26 Ultra,92.9481
Samsung Galaxy S26 Ultra,92.1664
Samsung Galaxy S26 Ultra,92.4579
Samsung Galaxy S26 Ultra,90.7592
Samsung Galaxy S26 Ultra,90.7275
Samsung Galaxy S26 Ultra,90.4919
Samsung Galaxy S26 Ultra,94.0682
Samsung Galaxy S26 Ultra,90.989
Samsung Galaxy S26 Ultra,91.7967
Samsung Galaxy S26 Ultra,92.6755
Samsung Galaxy S26 Ultra,91.3345
Samsung Galaxy S26 Ultra,92.3455
Samsung Galaxy S26 Ultra,92.0484
Samsung Galaxy S26 Ultra,92.7839
Samsung Galaxy S26 Ultra,92.1144
Samsung Galaxy S26 Ultra,91.3959
Samsung Galaxy S26 Ultra,93.0228
Samsung Galaxy S26 Ultra,91.3065
Samsung Galaxy S26 Ultra,92.3905
Samsung Galaxy S26 Ultra,93.5418
Samsung Galaxy S26 Ultra,93.0703
Samsung Galaxy S26 Ultra,93.2271
Samsung Galaxy S26 Ultra,91.5861
Samsung Galaxy S26 Ultra,93.9804
Samsung Galaxy S26 Ultra,94.5085
Samsung Galaxy S26 Ultra,92.1355
Samsung Galaxy S26 Ultra,90.2868
Samsung Galaxy S26 Ultra,92.4613
Samsung Galaxy S26 Ultra,92.1668
Samsung Galaxy S26 Ultra,92.4979
Samsung Galaxy S26 Ultra,91.9884
Samsung Galaxy S26 Ultra,92.0662
Samsung Galaxy S26 Ultra,94.9644
Samsung Galaxy S26 Ultra,90.7378
Samsung Galaxy S26 Ultra,91.3452
Samsung Galaxy S26 Ultra,92.9397
Samsung Galaxy S26 Ultra,92.0844
Samsung Galaxy S26 Ultra,92.9382
Samsung Galaxy S26 Ultra,91.6586
Samsung Galaxy S26 Ultra,89.9602
Samsung Galaxy S26 Ultra,93.6767
Samsung Galaxy S26 Ultra,89.6173
Samsung Galaxy S26 Ultra,92.0826
Samsung Galaxy S26 Ultra,91.5662
Samsung Galaxy S26 Ultra,91.9321
Samsung Galaxy S26 Ultra,93.5941
Samsung Galaxy S26 Ultra,90.5625
Samsung Galaxy S26 Ultra,91.194
Samsung Galaxy S26 Ultra,92.0853
Samsung Galaxy S26 Ultra,92.4431
Samsung Galaxy S26 Ultra,93.2022
Samsung Galaxy S26 Ultra,93.1134
Samsung Galaxy S26 Ultra,89.8225
Samsung Galaxy S26 Ultra,92.3271
Samsung Galaxy S26 Ultra,92.0909
Samsung Galaxy S26 Ultra,91.8519
Samsung Galaxy S26 Ultra,92.9552
Samsung Galaxy S26 Ultra,91.2439
Samsung Galaxy S26 Ultra,93.0742
Samsung Galaxy S26 Ultra,91.8161
Samsung Galaxy S26 Ultra,92.9585
Samsung Galaxy S26 Ultra,90.7837
Samsung Galaxy S26 Ultra,90.9748
Samsung Galaxy S26 Ultra,91.7692
Samsung Galaxy S26 Ultra,93.7216
Samsung Galaxy S26 Ultra,92.0633
Samsung Galaxy S26 Ultra,92.5194
Samsung Galaxy S26 Ultra,92.0749
Samsung Galaxy S26 Ultra,90.4932
Samsung Galaxy S26 Ultra,89.7858
Samsung Galaxy S26 Ultra,91.6259
Samsung Galaxy S26 Ultra,91.7499
Samsung Galaxy S26 Ultra,91.8068
Samsung Galaxy S26 Ultra,91.9313
Samsung Galaxy S26 Ultra,92.2886
Samsung Galaxy S26 Ultra,93.7482
Samsung Galaxy S26 Ultra,92.2131
Samsung Galaxy S26 Ultra,90.1907
Samsung Galaxy S26 Ultra,92.2087
Samsung Galaxy S26 Ultra,92.1297
Samsung Galaxy S26 Ultra,90.1878
Samsung Galaxy S26 Ultra,90.5738
Samsung Galaxy S26 Ultra,89.6056
Samsung Galaxy S26 Ultra,89.9569
Samsung Galaxy S26 Ultra,91.2911
Samsung Galaxy S26 Ultra,92.9806
Samsung Galaxy S26 Ultra,91.612
Samsung Galaxy S26 Ultra,93.3105
Samsung Galaxy S26 Ultra,93.1788
Samsung Galaxy S26 Ultra,92.3567
Samsung Galaxy S26 Ultra,91.0705
Samsung Galaxy S26 Ultra,91.808
Samsung Galaxy S26 Ultra,90.914
Samsung Galaxy S26 Ultra,90.5805
Samsung Galaxy S26 Ultra,93.0702
Samsung Galaxy S26 Ultra,92.7812
Samsung Galaxy S26 Ultra,93.902
Samsung Galaxy S26 Ultra,92.0681
Samsung Galaxy S26 Ultra,94.4273
Samsung Galaxy S26 Ultra,93.2297
Samsung Galaxy S26 Ultra,91.0035
Samsung Galaxy S26 Ultra,90.8139
Samsung Galaxy S26 Ultra,91.8177
Samsung Galaxy S26 Ultra,92.4532
Samsung Galaxy S26 Ultra,94.6434
Samsung Galaxy S26 Ultra,94.2336
Samsung Galaxy S26 Ultra,91.7697
Samsung Galaxy S26 Ultra,92.9561
Samsung Galaxy S26 Ultra,90.4559
Samsung Galaxy S26 Ultra,90.9005
Samsung Galaxy S26 Ultra,93.2572
Samsung Galaxy S26 Ultra,92.7783
Samsung Galaxy S26 Ultra,92.2839
Samsung Galaxy S26 Ultra,93.9438
Samsung Galaxy S26 Ultra,92.1896
Samsung Galaxy S26 Ultra,92.7272
Samsung Galaxy S26 Ultra,93.9711
Samsung Galaxy S26 Ultra,91.3728
Samsung Galaxy S26 Ultra,90.8933
Samsung Galaxy S26 Ultra,91.4271
Samsung Galaxy S26 Ultra,93.4208
Samsung Galaxy S26 Ultra,93.0078
Samsung Galaxy S26 Ultra,92.6145
Samsung Galaxy S26 Ultra,91.2354
Samsung Galaxy S26 Ultra,93.6987
Samsung Galaxy S26 Ultra,93.9225
Samsung Galaxy S26 Ultra,92.091
Samsung Galaxy S26 Ultra,93.9207
Samsung Galaxy S26 Ultra,92.119
Samsung Galaxy S26 Ultra,92.1148
Samsung Galaxy S26 Ultra,93.4251
Samsung Galaxy S26 Ultra,89.1526
Samsung Galaxy S26 Ultra,91.124
Samsung Galaxy S26 Ultra,91.684
Samsung Galaxy S26 Ultra,91.7085
Samsung Galaxy S26 Ultra,92.7342
Samsung Galaxy S26 Ultra,91.9349
Samsung Galaxy S26 Ultra,92.9641
Samsung Galaxy S26 Ultra,91.5158
Samsung Galaxy S26 Ultra,93.4417
Samsung Galaxy S26 Ultra,94.353
Samsung Galaxy S26 Ultra,91.9985
Samsung Galaxy S26 Ultra,93.6663
Samsung Galaxy S26 Ultra,92.3593
Samsung Galaxy S26 Ultra,94.3265
Samsung Galaxy S26 Ultra,91.7157
Samsung Galaxy S26 Ultra,91.9593
Samsung Galaxy S26 Ultra,91.5768
Samsung Galaxy S26 Ultra,91.5539
Samsung Galaxy S26 Ultra,91.6341
Samsung Galaxy S26 Ultra,91.2879
Samsung Galaxy S26 Ultra,94.0052
Samsung Galaxy S26 Ultra,91.823
Samsung Galaxy S26 Ultra,91.8497
Samsung Galaxy S26 Ultra,92.3308
Samsung Galaxy S26 Ultra,89.9033
Samsung Galaxy S26 Ultra,92.6901
Samsung Galaxy S26 Ultra,94.5803
Samsung Galaxy S26 Ultra,92.2679
Samsung Galaxy S26 Ultra,92.9463
Samsung Galaxy S26 Ultra,91.0872
Samsung Galaxy S26 Ultra,90.8155
Samsung Galaxy S26 Ultra,91.3915
Samsung Galaxy S26 Ultra,91.6088
Samsung Galaxy S26 Ultra,90.3086
Samsung Galaxy S26 Ultra,93.2146
Samsung Galaxy S26 Ultra,94.1776
Samsung Galaxy S26 Ultra,91.4578
Samsung Galaxy S26 Ultra,91.6833
Samsung Galaxy S26 Ultra,93.3628
Samsung Galaxy S26 Ultra,94.1937
Samsung Galaxy S26 Ultra,90.836
Samsung Galaxy S26 Ultra,91.0768
Samsung Galaxy S26 Ultra,92.2422
Samsung Galaxy S26 Ultra,92.962
Samsung Galaxy S26 Ultra,94.1125
Samsung Galaxy S26 Ultra,92.612
Samsung Galaxy S26 Ultra,91.7111
Samsung Galaxy S26 Ultra,92.7891
Samsung Galaxy S26 Ultra,89.7937
Samsung Galaxy S26 Ultra,92.7018
Samsung Galaxy S26 Ultra,91.0952
Samsung Galaxy S26 Ultra,91.6126
Samsung Galaxy S26 Ultra,93.4277
Samsung Galaxy S26 Ultra,90.983
Samsung Galaxy S26 Ultra,91.077
Samsung Galaxy S26 Ultra,92.2002
Samsung Galaxy S26 Ultra,91.9608
Samsung Galaxy S26 Ultra,91.0474
Samsung Galaxy S26 Ultra,92.8561
Samsung Galaxy S26 Ultra,91.4142
Samsung Galaxy S26 Ultra,92.5633
Samsung Galaxy S26 Ultra,90.2747
Samsung Galaxy S26 Ultra,90.5893
Samsung Galaxy S26 Ultra,93.1214
Samsung Galaxy S26 Ultra,90.9586
Samsung Galaxy S26 Ultra,92.6177
Samsung Galaxy S26 Ultra,91.2832
Samsung Galaxy S26 Ultra,91.9022
Samsung Galaxy S26 Ultra,92.9634
Samsung Galaxy S26 Ultra,93.6012
Samsung Galaxy S26 Ultra,92.9221
Samsung Galaxy S26 Ultra,89.8935
Samsung Galaxy S26 Ultra,90.8288
Samsung Galaxy S26 Ultra,91.7419
Samsung Galaxy S26 Ultra,93.1602
Samsung Galaxy S26 Ultra,92.7329
Samsung Galaxy S26 Ultra,93.0893
Samsung Galaxy S26 Ultra,92.5019
Samsung Galaxy S26 Ultra,92.4159
Samsung Galaxy S26 Ultra,92.6358
Samsung Galaxy S26 Ultra,93.8842
Samsung Galaxy S26 Ultra,94.0979
Samsung Galaxy S26 Ultra,91.9055
Samsung Galaxy S26 Ultra,92.2272
Samsung Galaxy S26 Ultra,92.6095
Samsung Galaxy S26 Ultra,93.8943
Samsung Galaxy S26 Ultra,90.613
Samsung Galaxy S26 Ultra,92.4535
Samsung Galaxy S26 Ultra,90.9282
Samsung Galaxy S26 Ultra,92.9546
Samsung Galaxy S26 Ultra,92.3972
Samsung Galaxy S26 Ultra,93.5701
Samsung Galaxy S26 Ultra,92.5461
Samsung Galaxy S26 Ultra,93.0105
Samsung Galaxy S26 Ultra,91.3005
Samsung Galaxy S26 Ultra,94.1056
Samsung Galaxy S26 Ultra,92.876
Samsung Galaxy S26 Ultra,91.4664
Samsung Galaxy S26 Ultra,93.2202
Samsung Galaxy S26 Ultra,92.1594
Samsung Galaxy S26 Ultra,93.8471
Samsung Galaxy S26 Ultra,92.8642
Samsung Galaxy S26 Ultra,91.8403
Samsung Galaxy S26 Ultra,92.2661
Samsung Galaxy S26 Ultra,93.056
Samsung Galaxy S26 Ultra,91.9115
Samsung Galaxy S26 Ultra,91.4508
Samsung Galaxy S26 Ultra,91.7091
Samsung Galaxy S26 Ultra,91.1108
Samsung Galaxy S26 Ultra,93.2973
Samsung Galaxy S26 Ultra,92.1793
Samsung Galaxy S26 Ultra,91.2057
Samsung Galaxy S26 Ultra,92.5035
Samsung Galaxy S26 Ultra,91.537
Samsung Galaxy S26 Ultra,92.2371
Samsung Galaxy S26 Ultra,91.8669
Samsung Galaxy S26 Ultra,90.6664
Samsung Galaxy S26 Ultra,92.585
Samsung Galaxy S26 Ultra,92.1366
Samsung Galaxy S26 Ultra,92.6753
Samsung Galaxy S26 Ultra,90.8061
Samsung Galaxy S26 Ultra,92.1768
Samsung Galaxy S26 Ultra,92.0823
Samsung Galaxy S26 Ultra,92.5148
Samsung Galaxy S26 Ultra,93.5595
Samsung Galaxy S26 Ultra,92.4208
Samsung Galaxy S26 Ultra,94.8576
Samsung Galaxy S26 Ultra,90.4353
Samsung Galaxy S26 Ultra,92.2725
Samsung Galaxy S26 Ultra,93.6683
Samsung Galaxy S26 Ultra,91.9039
Samsung Galaxy S26 Ultra,91.328
Samsung Galaxy S26 Ultra,93.8087
Samsung Galaxy S26 Ultra,91.603
Samsung Galaxy S26 Ultra,93.0381
Samsung Galaxy S26 Ultra,92.7215
Samsung Galaxy S26 Ultra,93.7568
Samsung Galaxy S26 Ultra,91.5466
Samsung Galaxy S26 Ultra,92.906
Samsung Galaxy S26 Ultra,92.3207
Samsung Galaxy S26 Ultra,90.1123
Samsung Galaxy S26 Ultra,95.2567
Samsung Galaxy S26 Ultra,93.4749
Samsung Galaxy S26 Ultra,92.5029
Samsung Galaxy S26 Ultra,93.0449
Samsung Galaxy S26 Ultra,93.4649
Samsung Galaxy S26 Ultra,89.8353
Samsung Galaxy S26 Ultra,92.7411
Samsung Galaxy S26 Ultra,91.6985
Samsung Galaxy S26 Ultra,91.2962
Samsung Galaxy S26 Ultra,93.4683
Samsung Galaxy S26 Ultra,93.1939
Samsung Galaxy S26 Ultra,92.0839
Samsung Galaxy S26 Ultra,92.7166
Samsung Galaxy S26 Ultra,90.9962
Samsung Galaxy S26 Ultra,89.246
Samsung Galaxy S26 Ultra,92.7017
Samsung Galaxy S26 Ultra,93.4918
Samsung Galaxy S26 Ultra,92.9926
Samsung Galaxy S26 Ultra,94.3332
Samsung Galaxy S26 Ultra,93.0101
Samsung Galaxy S26 Ultra,93.2861
Samsung Galaxy S26 Ultra,90.7385
Samsung Galaxy S26 Ultra,93.558
Samsung Galaxy S26 Ultra,91.859
Samsung Galaxy S26 Ultra,89.3659
Samsung Galaxy S26 Ultra,93.3501
Samsung Galaxy S26 Ultra,91.4757
Samsung Galaxy S26 Ultra,92.4072
Samsung Galaxy S26 Ultra,92.6152
Samsung Galaxy S26 Ultra,91.8191
Samsung Galaxy S26 Ultra,91.5422
Samsung Galaxy S26 Ultra,91.4918
Samsung Galaxy S26 Ultra,93.5825
Samsung Galaxy S26 Ultra,93.0272
Samsung Galaxy S26 Ultra,92.1606
Samsung Galaxy S26 Ultra,92.3958
Samsung Galaxy S26 Ultra,90.5293
Samsung Galaxy S26 Ultra,92.8648
Samsung Galaxy S26 Ultra,93.0551
Samsung Galaxy S26 Ultra,91.9754
Samsung Galaxy S26 Ultra,92.0656
Samsung Galaxy S26 Ultra,92.7115
Samsung Galaxy S26 Ultra,91.9252
Samsung Galaxy S26 Ultra,91.5727
Samsung Galaxy S26 Ultra,93.2826
Samsung Galaxy S26 Ultra,91.2546
Samsung Galaxy S26 Ultra,92.264
Samsung Galaxy S26 Ultra,91.9101
Samsung Galaxy S26 Ultra,93.0209
Samsung Galaxy S26 Ultra,91.508
Samsung Galaxy S26 Ultra,90.1468
Samsung Galaxy S26 Ultra,91.2923
Samsung Galaxy S26 Ultra,92.3878
Samsung Galaxy S26 Ultra,89.9792
Samsung Galaxy S26 Ultra,92.9089
Samsung Galaxy S26 Ultra,90.9865
Samsung Galaxy S26 Ultra,91.5376
Samsung Galaxy S26 Ultra,91.7492
Samsung Galaxy S26 Ultra,89.7235
Samsung Galaxy S26 Ultra,92.9998
Samsung Galaxy S26 Ultra,92.1661
Samsung Galaxy S26 Ultra,93.3295
Samsung Galaxy S26 Ultra,90.2794
Samsung Galaxy S26 Ultra,91.9363
Samsung Galaxy S26 Ultra,92.6032
Samsung Galaxy S26 Ultra,91.7418
Samsung Galaxy S26 Ultra,90.7898
Samsung Galaxy S26 Ultra,92.8433
Samsung Galaxy S26 Ultra,93.2513
Samsung Galaxy S26 Ultra,92.0055
Samsung Galaxy S26 Ultra,94.0346
Samsung Galaxy S26 Ultra,92.5203
Samsung Galaxy S26 Ultra,92.8812
Samsung Galaxy S26 Ultra,92.3683
Samsung Galaxy S26 Ultra,92.8188
Samsung Galaxy S26 Ultra,92.8165
Samsung Galaxy S26 Ultra,91.5207
Samsung Galaxy S26 Ultra,93.1825
Samsung Galaxy S26 Ultra,92.0748
Samsung Galaxy S26 Ultra,90.3746
Samsung Galaxy S26 Ultra,94.3676
Samsung Galaxy S26 Ultra,92.8992
Samsung Galaxy S26 Ultra,94.2831
Samsung Galaxy S26 Ultra,93.6377
Samsung Galaxy S26 Ultra,89.8559
Samsung Galaxy S26 Ultra,92.4286
Samsung Galaxy S26 Ultra,92.0728
Samsung Galaxy S26 Ultra,91.8432
Samsung Galaxy S26 Ultra,92.6319
Samsung Galaxy S26 Ultra,93.4491
Samsung Galaxy S26 Ultra,92.6412
Samsung Galaxy S26 Ultra,92.6377
Samsung Galaxy S26 Ultra,90.4142
Samsung Galaxy S26 Ultra,90.8966
Samsung Galaxy S26 Ultra,92.586
Samsung Galaxy S26 Ultra,93.9311
Samsung Galaxy S26 Ultra,93.8413
Samsung Galaxy S26 Ultra,92.5082
Samsung Galaxy S26 Ultra,93.0819
Samsung Galaxy S26 Ultra,91.3889
Samsung Galaxy S26 Ultra,90.5333
Samsung Galaxy S26 Ultra,92.2323
Samsung Galaxy S26 Ultra,92.2578
Samsung Galaxy S26 Ultra,92.0245
Samsung Galaxy S26 Ultra,92.0438
Samsung Galaxy S26 Ultra,92.5593
Samsung Galaxy S26 Ultra,91.5586
Samsung Galaxy S26 Ultra,91.5382
Samsung Galaxy S26 Ultra,92.8125
Samsung Galaxy S26 Ultra,91.2138
Samsung Galaxy S26 Ultra,90.5865
Samsung Galaxy S26 Ultra,91.4071
Samsung Galaxy S26 Ultra,91.5218
Samsung Galaxy S26 Ultra,92.6555
Samsung Galaxy S26 Ultra,93.0094
Samsung Galaxy S26 Ultra,94.6643
Samsung Galaxy S26 Ultra,93.6964
Samsung Galaxy S26 Ultra,93.0302
Samsung Galaxy S26 Ultra,91.2544
Samsung Galaxy S26 Ultra,93.7361
Samsung Galaxy S26 Ultra,94.814
Samsung Galaxy S26 Ultra,92.5693
Samsung Galaxy S26 Ultra,90.9794
Samsung Galaxy S26 Ultra,91.5629
Samsung Galaxy S26 Ultra,92.2341
Samsung Galaxy S26 Ultra,91.949
Samsung Galaxy S26 Ultra,91.1035
Samsung Galaxy S26 Ultra,92.6705
Samsung Galaxy S26 Ultra,92.2503
Samsung Galaxy S26 Ultra,92.7411
Samsung Galaxy S26 Ultra,92.4739
Samsung Galaxy S26 Ultra,92.2298
Samsung Galaxy S26 Ultra,91.7304
Samsung Galaxy S26 Ultra,92.9165
Samsung Galaxy S26 Ultra,89.8197
Samsung Galaxy S26 Ultra,92.4311
Samsung Galaxy S26 Ultra,92.6961
Samsung Galaxy S26 Ultra,89.2605
Samsung Galaxy S26 Ultra,92.1507
Samsung Galaxy S26 Ultra,92.4693
Samsung Galaxy S26 Ultra,90.6902
Samsung Galaxy S26 Ultra,92.3549
Samsung Galaxy S26 Ultra,91.1006
Samsung Galaxy S26 Ultra,91.4169
Samsung Galaxy S26 Ultra,90.2683
Samsung Galaxy S26 Ultra,93.0307
Samsung Galaxy S26 Ultra,93.3425
Samsung Galaxy S26 Ultra,93.8273
Samsung Galaxy S26 Ultra,92.9735
Samsung Galaxy S26 Ultra,94.2064
Samsung Galaxy S26 Ultra,91.5512
Samsung Galaxy S26 Ultra,91.1789
Samsung Galaxy S26 Ultra,92.7589
Samsung Galaxy S26 Ultra,93.7327
Samsung Galaxy S26 Ultra,92.0757
Samsung Galaxy S26 Ultra,89.971
Samsung Galaxy S26 Ultra,90.9562
Samsung Galaxy S26 Ultra,92.1424
Samsung Galaxy S26 Ultra,92.3978
Samsung Galaxy S26 Ultra,90.7324
Samsung Galaxy S26 Ultra,93.9124
Samsung Galaxy S26 Ultra,91.8012
Samsung Galaxy S26 Ultra,93.2354
Samsung Galaxy S26 Ultra,92.1625
Samsung Galaxy S26 Ultra,91.9592
Samsung Galaxy S26 Ultra,92.5442
Samsung Galaxy S26 Ultra,93.2637
Samsung Galaxy S26 Ultra,92.4142
Samsung Galaxy S26 Ultra,92.3173
Samsung Galaxy S26 Ultra,91.4935
Samsung Galaxy S26 Ultra,91.809
Samsung Galaxy S26 Ultra,93.5959
Samsung Galaxy S26 Ultra,92.8219
Samsung Galaxy S26 Ultra,93.9476
Samsung Galaxy S26 Ultra,92.7689
Samsung Galaxy S26 Ultra,93.8437
Samsung Galaxy S26 Ultra,92.0849
Samsung Galaxy S26 Ultra,90.0382
Samsung Galaxy S26 Ultra,90.812
Samsung Galaxy S26 Ultra,94.4672
Samsung Galaxy S26 Ultra,91.6017
Samsung Galaxy S26 Ultra,92.6621
Samsung Galaxy S26 Ultra,90.7194
Samsung Galaxy S26 Ultra,91.7689
Samsung Galaxy S26 Ultra,89.1754
Samsung Galaxy S26 Ultra,92.8897
Samsung Galaxy S26 Ultra,91.9741
Samsung Galaxy S26 Ultra,93.1963
Samsung Galaxy S26 Ultra,91.4404
Samsung Galaxy S26 Ultra,90.4112
Samsung Galaxy S26 Ultra,91.7035
Samsung Galaxy S26 Ultra,92.4006
Samsung Galaxy S26 Ultra,90.1394
Samsung Galaxy S26 Ultra,91.6501
Samsung Galaxy S26 Ultra,92.5744
Samsung Galaxy S26 Ultra,92.6641
Samsung Galaxy S26 Ultra,90.8715
Samsung Galaxy S26 Ultra,91.6048
Samsung Galaxy S26 Ultra,90.1995
Samsung Galaxy S26 Ultra,91.5812
Samsung Galaxy S26 Ultra,93.0385
Samsung Galaxy S26 Ultra,94.518
Samsung Galaxy S26 Ultra,92.9567
